[17-Sep-2025 19:53:11 Europe/Berlin] Starting update for card ID 3 with data: {"position":"3","is_active":"1","badge":"BSIT","title":"B.S. in Information Technology (UPDATED)","title_muted":"","slug":"bsit","learn_more_url":"","learn_more_external":"0","curriculum_url":"","curriculum_external":"0","apply_url":""}
[17-Sep-2025 19:53:11 Europe/Berlin] Found existing card: {"id":3,"is_active":1,"position":3,"slug":"bsit","badge":"BSIT","title":"B.S. in Information Technology (UPDATED)","title_muted":null,"summary":null,"pillbox_title":null,"pills":null,"learn_more_url":null,"learn_more_external":0,"curriculum_url":null,"curriculum_external":0,"apply_url":null,"created_at":"2025-09-12 14:04:49","updated_at":"2025-09-18 01:34:53"}
[17-Sep-2025 19:53:11 Europe/Berlin] Executing direct UPDATE SQL: UPDATE ug_cards SET 
            is_active = 1, 
            position = 3, 
            slug = 'bsit', 
            badge = 'BSIT', 
            title = 'B.S. in Information Technology (UPDATED)',
            title_muted = NULL, 
            summary = NULL, 
            pillbox_title = NULL, 
            pills = NULL, 
            learn_more_url = NULL, 
            learn_more_external = 0, 
            curriculum_url = NULL, 
            curriculum_external = 0, 
            apply_url = NULL,
            updated_at = NOW()
            WHERE id = 3
[17-Sep-2025 19:53:11 Europe/Berlin] Update result: 1 rows affected
[17-Sep-2025 19:53:11 Europe/Berlin] Successfully updated card ID 3
[17-Sep-2025 19:53:11 Europe/Berlin] POST Action: update_card
[17-Sep-2025 19:53:11 Europe/Berlin] POST Data: {"action":"update_card","card_id":"3","card":{"position":"3","is_active":"1","badge":"BSIT","title":"B.S. in Information Technology (UPDATED)","title_muted":"","slug":"bsit","learn_more_url":"","learn_more_external":"0","curriculum_url":"","curriculum_external":"0","apply_url":""}}
[17-Sep-2025 19:53:11 Europe/Berlin] Processing card update. Timestamp: 2025-09-17T19:53:11+02:00, Force update: No, AJAX: No
[17-Sep-2025 19:53:11 Europe/Berlin] Updating card ID: 3 with data: {"position":"3","is_active":"1","badge":"BSIT","title":"B.S. in Information Technology (UPDATED)","title_muted":"","slug":"bsit","learn_more_url":"","learn_more_external":"0","curriculum_url":"","curriculum_external":"0","apply_url":""}
[17-Sep-2025 19:53:11 Europe/Berlin] Starting update for card ID 3 with data: {"position":"3","is_active":"1","badge":"BSIT","title":"B.S. in Information Technology (UPDATED)","title_muted":"","slug":"bsit","learn_more_url":"","learn_more_external":"0","curriculum_url":"","curriculum_external":"0","apply_url":""}
[17-Sep-2025 19:53:11 Europe/Berlin] Found existing card: {"id":3,"is_active":1,"position":3,"slug":"bsit","badge":"BSIT","title":"B.S. in Information Technology (UPDATED)","title_muted":null,"summary":null,"pillbox_title":null,"pills":null,"learn_more_url":null,"learn_more_external":0,"curriculum_url":null,"curriculum_external":0,"apply_url":null,"created_at":"2025-09-12 14:04:49","updated_at":"2025-09-18 01:53:11"}
[17-Sep-2025 19:53:11 Europe/Berlin] Executing direct UPDATE SQL: UPDATE ug_cards SET 
            is_active = 1, 
            position = 3, 
            slug = 'bsit', 
            badge = 'BSIT', 
            title = 'B.S. in Information Technology (UPDATED)',
            title_muted = NULL, 
            summary = NULL, 
            pillbox_title = NULL, 
            pills = NULL, 
            learn_more_url = NULL, 
            learn_more_external = 0, 
            curriculum_url = NULL, 
            curriculum_external = 0, 
            apply_url = NULL,
            updated_at = NOW()
            WHERE id = 3
[17-Sep-2025 19:53:11 Europe/Berlin] Update result: 0 rows affected
[17-Sep-2025 19:53:11 Europe/Berlin] No rows were affected. This could mean no changes were made or there was an issue.
[17-Sep-2025 19:53:11 Europe/Berlin] Card exists but no changes were made - data might be identical
[17-Sep-2025 19:53:11 Europe/Berlin] Card update completed for ID: 3 Success: Yes
[17-Sep-2025 19:53:11 Europe/Berlin] Result details: {"success":true,"rows_affected":0,"message":"Card data unchanged (no updates needed)","card_id":3,"updated_data":{"id":3,"is_active":1,"position":3,"slug":"bsit","badge":"BSIT","title":"B.S. in Information Technology (UPDATED)","title_muted":null,"summary":null,"pillbox_title":null,"pills":null,"learn_more_url":null,"learn_more_external":0,"curriculum_url":null,"curriculum_external":0,"apply_url":null},"updated_record":{"id":3,"is_active":1,"position":3,"slug":"bsit","badge":"BSIT","title":"B.S. in Information Technology (UPDATED)","title_muted":null,"summary":null,"pillbox_title":null,"pills":null,"learn_more_url":null,"learn_more_external":0,"curriculum_url":null,"curriculum_external":0,"apply_url":null,"created_at":"2025-09-12 14:04:49","updated_at":"2025-09-18 01:53:11"}}
[17-Sep-2025 20:08:18 Europe/Berlin] Starting update for card ID 3 with data: {"position":"3","is_active":"1","badge":"BSIT","title":"B.S. in Information Technology (UPDATED)","title_muted":"","slug":"bsit","learn_more_url":"","learn_more_external":"0","curriculum_url":"","curriculum_external":"0","apply_url":""}
[17-Sep-2025 20:08:18 Europe/Berlin] Found existing card: {"id":3,"is_active":1,"position":3,"slug":"bsit","badge":"BSIT","title":"B.S. in Information Technology (UPDATED)","title_muted":null,"summary":null,"pillbox_title":null,"pills":null,"learn_more_url":null,"learn_more_external":0,"curriculum_url":null,"curriculum_external":0,"apply_url":null,"created_at":"2025-09-12 14:04:49","updated_at":"2025-09-18 01:53:11"}
[17-Sep-2025 20:08:18 Europe/Berlin] Prepared statement update result: 0 rows affected
[17-Sep-2025 20:08:18 Europe/Berlin] Updated timestamp for card ID 3
[17-Sep-2025 20:08:18 Europe/Berlin] No rows were affected. This could mean no changes were made or there was an issue.
[17-Sep-2025 20:08:18 Europe/Berlin] Card exists but no changes were made - data might be identical
[17-Sep-2025 20:08:18 Europe/Berlin] POST Action: update_card
[17-Sep-2025 20:08:18 Europe/Berlin] POST Data: {"action":"update_card","card_id":"3","card":{"position":"3","is_active":"1","badge":"BSIT","title":"B.S. in Information Technology (UPDATED)","title_muted":"","slug":"bsit","learn_more_url":"","learn_more_external":"0","curriculum_url":"","curriculum_external":"0","apply_url":""}}
[17-Sep-2025 20:08:18 Europe/Berlin] Processing card update. Timestamp: 2025-09-17T20:08:18+02:00, Force update: No, AJAX: No
[17-Sep-2025 20:08:18 Europe/Berlin] Updating card ID: 3 with data: {"position":"3","is_active":"1","badge":"BSIT","title":"B.S. in Information Technology (UPDATED)","title_muted":"","slug":"bsit","learn_more_url":"","learn_more_external":"0","curriculum_url":"","curriculum_external":"0","apply_url":""}
[17-Sep-2025 20:08:18 Europe/Berlin] Starting update for card ID 3 with data: {"position":"3","is_active":"1","badge":"BSIT","title":"B.S. in Information Technology (UPDATED)","title_muted":"","slug":"bsit","learn_more_url":"","learn_more_external":"0","curriculum_url":"","curriculum_external":"0","apply_url":"","_force_update":true}
[17-Sep-2025 20:08:18 Europe/Berlin] Found existing card: {"id":3,"is_active":1,"position":3,"slug":"bsit","badge":"BSIT","title":"B.S. in Information Technology (UPDATED)","title_muted":null,"summary":null,"pillbox_title":null,"pills":null,"learn_more_url":null,"learn_more_external":0,"curriculum_url":null,"curriculum_external":0,"apply_url":null,"created_at":"2025-09-12 14:04:49","updated_at":"2025-09-18 02:08:18"}
[17-Sep-2025 20:08:18 Europe/Berlin] Prepared statement update result: 0 rows affected
[17-Sep-2025 20:08:18 Europe/Berlin] Updated timestamp for card ID 3
[17-Sep-2025 20:08:18 Europe/Berlin] No rows were affected. This could mean no changes were made or there was an issue.
[17-Sep-2025 20:08:18 Europe/Berlin] Card exists but no changes were made - data might be identical
[17-Sep-2025 20:08:18 Europe/Berlin] Card update completed for ID: 3 Success: Yes
[17-Sep-2025 20:08:18 Europe/Berlin] Result details: {"success":true,"rows_affected":0,"message":"Card data updated successfully","card_id":3,"updated_data":{"id":3,"is_active":1,"position":3,"slug":"bsit","badge":"BSIT","title":"B.S. in Information Technology (UPDATED)","title_muted":null,"summary":null,"pillbox_title":null,"pills":null,"learn_more_url":null,"learn_more_external":0,"curriculum_url":null,"curriculum_external":0,"apply_url":null},"updated_record":{"id":3,"is_active":1,"position":3,"slug":"bsit","badge":"BSIT","title":"B.S. in Information Technology (UPDATED)","title_muted":null,"summary":null,"pillbox_title":null,"pills":null,"learn_more_url":null,"learn_more_external":0,"curriculum_url":null,"curriculum_external":0,"apply_url":null,"created_at":"2025-09-12 14:04:49","updated_at":"2025-09-18 02:08:18"}}
[17-Sep-2025 20:08:38 Europe/Berlin] Starting update for card ID 3 with data: {"summary":"fsdfds","pillbox_title":"fsdsd","pills":"fsdfsd"}
[17-Sep-2025 20:08:38 Europe/Berlin] Found existing card: {"id":3,"is_active":1,"position":3,"slug":"bsit","badge":"BSIT","title":"B.S. in Information Technology (UPDATED)","title_muted":null,"summary":null,"pillbox_title":null,"pills":null,"learn_more_url":null,"learn_more_external":0,"curriculum_url":null,"curriculum_external":0,"apply_url":null,"created_at":"2025-09-12 14:04:49","updated_at":"2025-09-18 02:08:18"}
[17-Sep-2025 20:08:38 Europe/Berlin] Prepared statement update result: 1 rows affected
[17-Sep-2025 20:08:38 Europe/Berlin] Updated timestamp for card ID 3
[17-Sep-2025 20:08:38 Europe/Berlin] Successfully updated card ID 3
[17-Sep-2025 20:08:38 Europe/Berlin] POST Action: update_card
[17-Sep-2025 20:08:38 Europe/Berlin] POST Data: {"action":"update_card","card_id":"3","card":{"summary":"fsdfds","pillbox_title":"fsdsd","pills":"fsdfsd"},"debug_timestamp":"2025-09-17T18:08:38.067Z","force_update":"1"}
[17-Sep-2025 20:08:38 Europe/Berlin] Processing card update. Timestamp: 2025-09-17T18:08:38.067Z, Force update: Yes, AJAX: Yes
[17-Sep-2025 20:08:38 Europe/Berlin] Updating card ID: 3 with data: {"summary":"fsdfds","pillbox_title":"fsdsd","pills":"fsdfsd"}
[17-Sep-2025 20:08:38 Europe/Berlin] Force update flag enabled
[17-Sep-2025 20:08:38 Europe/Berlin] Starting update for card ID 3 with data: {"summary":"fsdfds","pillbox_title":"fsdsd","pills":"fsdfsd","_force_update":true}
[17-Sep-2025 20:08:38 Europe/Berlin] Found existing card: {"id":3,"is_active":1,"position":3,"slug":"bsit","badge":"BSIT","title":"B.S. in Information Technology (UPDATED)","title_muted":null,"summary":"fsdfds","pillbox_title":"fsdsd","pills":"fsdfsd","learn_more_url":null,"learn_more_external":0,"curriculum_url":null,"curriculum_external":0,"apply_url":null,"created_at":"2025-09-12 14:04:49","updated_at":"2025-09-18 02:08:38"}
[17-Sep-2025 20:08:38 Europe/Berlin] Prepared statement update result: 0 rows affected
[17-Sep-2025 20:08:38 Europe/Berlin] Updated timestamp for card ID 3
[17-Sep-2025 20:08:38 Europe/Berlin] No rows were affected. This could mean no changes were made or there was an issue.
[17-Sep-2025 20:08:38 Europe/Berlin] Card exists but no changes were made - data might be identical
[17-Sep-2025 20:08:38 Europe/Berlin] Card update completed for ID: 3 Success: Yes
[17-Sep-2025 20:08:38 Europe/Berlin] Result details: {"success":true,"rows_affected":0,"message":"Card data updated successfully","card_id":3,"updated_data":{"id":3,"is_active":1,"position":3,"slug":"bsit","badge":"BSIT","title":"B.S. in Information Technology (UPDATED)","title_muted":null,"summary":"fsdfds","pillbox_title":"fsdsd","pills":"fsdfsd","learn_more_url":null,"learn_more_external":0,"curriculum_url":null,"curriculum_external":0,"apply_url":null},"updated_record":{"id":3,"is_active":1,"position":3,"slug":"bsit","badge":"BSIT","title":"B.S. in Information Technology (UPDATED)","title_muted":null,"summary":"fsdfds","pillbox_title":"fsdsd","pills":"fsdfsd","learn_more_url":null,"learn_more_external":0,"curriculum_url":null,"curriculum_external":0,"apply_url":null,"created_at":"2025-09-12 14:04:49","updated_at":"2025-09-18 02:08:38"}}
[17-Sep-2025 20:25:30 Europe/Berlin] Starting update for card ID 3 with data: {"position":"3","is_active":"1","badge":"BSIT","title":"B.S. in Information Technology","title_muted":"","slug":"bsit","learn_more_url":"","learn_more_external":"0","curriculum_url":"","curriculum_external":"0","apply_url":""}
[17-Sep-2025 20:25:30 Europe/Berlin] Found existing card: {"id":3,"is_active":1,"position":3,"slug":"bsit","badge":"BSIT","title":"B.S. in Information Technology (UPDATED)","title_muted":null,"summary":"fsdfds","pillbox_title":"fsdsd","pills":"fsdfsd","learn_more_url":null,"learn_more_external":0,"curriculum_url":null,"curriculum_external":0,"apply_url":null,"created_at":"2025-09-12 14:04:49","updated_at":"2025-09-18 02:08:38"}
[17-Sep-2025 20:25:30 Europe/Berlin] Executing UPDATE SQL: UPDATE ug_cards
               SET is_active = :act,
                   position = :pos,
                   slug = :slug,
                   badge = :badge,
                   title = :title,
                   title_muted = :muted,
                   summary = :summary,
                   pillbox_title = :pill_t,
                   pills = :pills,
                   learn_more_url = :lm_url,
                   learn_more_external = :lm_ext,
                   curriculum_url = :cur_url,
                   curriculum_external = :cur_ext,
                   apply_url = :apply
             WHERE id = :id
[17-Sep-2025 20:25:30 Europe/Berlin] Prepared statement update result: 1 rows affected
[17-Sep-2025 20:25:30 Europe/Berlin] Timestamp updated for card ID 3 within the main query
[17-Sep-2025 20:25:30 Europe/Berlin] Successfully updated card ID 3
[17-Sep-2025 20:25:30 Europe/Berlin] POST Action: update_card
[17-Sep-2025 20:25:30 Europe/Berlin] POST Data: {"action":"update_card","card_id":"3","card":{"position":"3","is_active":"1","badge":"BSIT","title":"B.S. in Information Technology","title_muted":"","slug":"bsit","learn_more_url":"","learn_more_external":"0","curriculum_url":"","curriculum_external":"0","apply_url":""}}
[17-Sep-2025 20:25:30 Europe/Berlin] Processing card update. Timestamp: 2025-09-17T20:25:30+02:00, Force update: No, AJAX: No
[17-Sep-2025 20:25:30 Europe/Berlin] Updating card ID: 3 with data: {"position":"3","is_active":"1","badge":"BSIT","title":"B.S. in Information Technology","title_muted":"","slug":"bsit","learn_more_url":"","learn_more_external":"0","curriculum_url":"","curriculum_external":"0","apply_url":""}
[17-Sep-2025 20:25:30 Europe/Berlin] Starting update for card ID 3 with data: {"position":"3","is_active":"1","badge":"BSIT","title":"B.S. in Information Technology","title_muted":"","slug":"bsit","learn_more_url":"","learn_more_external":"0","curriculum_url":"","curriculum_external":"0","apply_url":"","_force_update":true}
[17-Sep-2025 20:25:30 Europe/Berlin] Found existing card: {"id":3,"is_active":1,"position":3,"slug":"bsit","badge":"BSIT","title":"B.S. in Information Technology","title_muted":null,"summary":"fsdfds","pillbox_title":"fsdsd","pills":"fsdfsd","learn_more_url":null,"learn_more_external":0,"curriculum_url":null,"curriculum_external":0,"apply_url":null,"created_at":"2025-09-12 14:04:49","updated_at":"2025-09-18 02:25:30"}
[17-Sep-2025 20:25:30 Europe/Berlin] Executing UPDATE SQL: UPDATE ug_cards
               SET is_active = :act,
                   position = :pos,
                   slug = :slug,
                   badge = :badge,
                   title = :title,
                   title_muted = :muted,
                   summary = :summary,
                   pillbox_title = :pill_t,
                   pills = :pills,
                   learn_more_url = :lm_url,
                   learn_more_external = :lm_ext,
                   curriculum_url = :cur_url,
                   curriculum_external = :cur_ext,
                   apply_url = :apply
             WHERE id = :id
[17-Sep-2025 20:25:30 Europe/Berlin] Prepared statement update result: 0 rows affected
[17-Sep-2025 20:25:30 Europe/Berlin] Timestamp updated for card ID 3 within the main query
[17-Sep-2025 20:25:30 Europe/Berlin] No rows were affected. This could mean no changes were made or there was an issue.
[17-Sep-2025 20:25:30 Europe/Berlin] Card exists but no changes were made - data might be identical
[17-Sep-2025 20:25:30 Europe/Berlin] Card update completed for ID: 3 Success: Yes
[17-Sep-2025 20:25:30 Europe/Berlin] Result details: {"success":true,"rows_affected":0,"message":"Card data updated successfully","card_id":3,"updated_data":{"id":3,"is_active":1,"position":3,"slug":"bsit","badge":"BSIT","title":"B.S. in Information Technology","title_muted":null,"summary":"fsdfds","pillbox_title":"fsdsd","pills":"fsdfsd","learn_more_url":null,"learn_more_external":0,"curriculum_url":null,"curriculum_external":0,"apply_url":null},"updated_record":{"id":3,"is_active":1,"position":3,"slug":"bsit","badge":"BSIT","title":"B.S. in Information Technology","title_muted":null,"summary":"fsdfds","pillbox_title":"fsdsd","pills":"fsdfsd","learn_more_url":null,"learn_more_external":0,"curriculum_url":null,"curriculum_external":0,"apply_url":null,"created_at":"2025-09-12 14:04:49","updated_at":"2025-09-18 02:25:30"}}
[17-Sep-2025 20:27:20 Europe/Berlin] Starting update for card ID 3 with data: {"position":"3","is_active":"1","badge":"BSIT","title":"B.S. in Information Technology","title_muted":"","slug":"bsit","learn_more_url":"","learn_more_external":"0","curriculum_url":"","curriculum_external":"0","apply_url":""}
[17-Sep-2025 20:27:20 Europe/Berlin] Found existing card: {"id":3,"is_active":1,"position":3,"slug":"bsit","badge":"BSIT","title":"B.S. in Information Technology","title_muted":null,"summary":"fsdfds","pillbox_title":"fsdsd","pills":"fsdfsd","learn_more_url":null,"learn_more_external":0,"curriculum_url":null,"curriculum_external":0,"apply_url":null,"created_at":"2025-09-12 14:04:49","updated_at":"2025-09-18 02:25:30"}
[17-Sep-2025 20:27:20 Europe/Berlin] Executing UPDATE SQL: UPDATE ug_cards
               SET is_active = :act,
                   position = :pos,
                   slug = :slug,
                   badge = :badge,
                   title = :title,
                   title_muted = :muted,
                   summary = :summary,
                   pillbox_title = :pill_t,
                   pills = :pills,
                   learn_more_url = :lm_url,
                   learn_more_external = :lm_ext,
                   curriculum_url = :cur_url,
                   curriculum_external = :cur_ext,
                   apply_url = :apply
             WHERE id = :id
[17-Sep-2025 20:27:20 Europe/Berlin] Prepared statement update result: 1 rows affected
[17-Sep-2025 20:27:20 Europe/Berlin] Timestamp updated for card ID 3 within the main query
[17-Sep-2025 20:27:20 Europe/Berlin] Successfully updated card ID 3
[17-Sep-2025 20:27:20 Europe/Berlin] POST Action: update_card
[17-Sep-2025 20:27:20 Europe/Berlin] POST Data: {"action":"update_card","card_id":"3","card":{"position":"3","is_active":"1","badge":"BSIT","title":"B.S. in Information Technology","title_muted":"","slug":"bsit","learn_more_url":"","learn_more_external":"0","curriculum_url":"","curriculum_external":"0","apply_url":""}}
[17-Sep-2025 20:27:20 Europe/Berlin] Processing card update. Timestamp: 2025-09-17T20:27:20+02:00, Force update: No, AJAX: No
[17-Sep-2025 20:27:20 Europe/Berlin] Updating card ID: 3 with data: {"position":"3","is_active":"1","badge":"BSIT","title":"B.S. in Information Technology","title_muted":"","slug":"bsit","learn_more_url":"","learn_more_external":"0","curriculum_url":"","curriculum_external":"0","apply_url":""}
[17-Sep-2025 20:27:20 Europe/Berlin] Starting update for card ID 3 with data: {"position":"3","is_active":"1","badge":"BSIT","title":"B.S. in Information Technology","title_muted":"","slug":"bsit","learn_more_url":"","learn_more_external":"0","curriculum_url":"","curriculum_external":"0","apply_url":"","_force_update":true}
[17-Sep-2025 20:27:20 Europe/Berlin] Found existing card: {"id":3,"is_active":1,"position":3,"slug":"bsit","badge":"BSIT","title":"B.S. in Information Technology","title_muted":null,"summary":"fsdfds","pillbox_title":"fsdsd","pills":"fsdfsd","learn_more_url":null,"learn_more_external":0,"curriculum_url":null,"curriculum_external":0,"apply_url":null,"created_at":"2025-09-12 14:04:49","updated_at":"2025-09-18 02:27:20"}
[17-Sep-2025 20:27:20 Europe/Berlin] Executing UPDATE SQL: UPDATE ug_cards
               SET is_active = :act,
                   position = :pos,
                   slug = :slug,
                   badge = :badge,
                   title = :title,
                   title_muted = :muted,
                   summary = :summary,
                   pillbox_title = :pill_t,
                   pills = :pills,
                   learn_more_url = :lm_url,
                   learn_more_external = :lm_ext,
                   curriculum_url = :cur_url,
                   curriculum_external = :cur_ext,
                   apply_url = :apply
             WHERE id = :id
[17-Sep-2025 20:27:20 Europe/Berlin] Prepared statement update result: 0 rows affected
[17-Sep-2025 20:27:20 Europe/Berlin] Timestamp updated for card ID 3 within the main query
[17-Sep-2025 20:27:20 Europe/Berlin] No rows were affected. This could mean no changes were made or there was an issue.
[17-Sep-2025 20:27:20 Europe/Berlin] Card exists but no changes were made - data might be identical
[17-Sep-2025 20:27:20 Europe/Berlin] Card update completed for ID: 3 Success: Yes
[17-Sep-2025 20:27:20 Europe/Berlin] Result details: {"success":true,"rows_affected":0,"message":"Card data updated successfully","card_id":3,"updated_data":{"id":3,"is_active":1,"position":3,"slug":"bsit","badge":"BSIT","title":"B.S. in Information Technology","title_muted":null,"summary":"fsdfds","pillbox_title":"fsdsd","pills":"fsdfsd","learn_more_url":null,"learn_more_external":0,"curriculum_url":null,"curriculum_external":0,"apply_url":null},"updated_record":{"id":3,"is_active":1,"position":3,"slug":"bsit","badge":"BSIT","title":"B.S. in Information Technology","title_muted":null,"summary":"fsdfds","pillbox_title":"fsdsd","pills":"fsdfsd","learn_more_url":null,"learn_more_external":0,"curriculum_url":null,"curriculum_external":0,"apply_url":null,"created_at":"2025-09-12 14:04:49","updated_at":"2025-09-18 02:27:20"}}
[17-Sep-2025 20:27:39 Europe/Berlin] Starting update for card ID 3 with data: {"summary":"fsdfds","pillbox_title":"fsdsd","pills":"gdgdfggdgdfgdfg"}
[17-Sep-2025 20:27:39 Europe/Berlin] Found existing card: {"id":3,"is_active":1,"position":3,"slug":"bsit","badge":"BSIT","title":"B.S. in Information Technology","title_muted":null,"summary":"fsdfds","pillbox_title":"fsdsd","pills":"fsdfsd","learn_more_url":null,"learn_more_external":0,"curriculum_url":null,"curriculum_external":0,"apply_url":null,"created_at":"2025-09-12 14:04:49","updated_at":"2025-09-18 02:27:20"}
[17-Sep-2025 20:27:39 Europe/Berlin] Executing UPDATE SQL: UPDATE ug_cards
               SET is_active = :act,
                   position = :pos,
                   slug = :slug,
                   badge = :badge,
                   title = :title,
                   title_muted = :muted,
                   summary = :summary,
                   pillbox_title = :pill_t,
                   pills = :pills,
                   learn_more_url = :lm_url,
                   learn_more_external = :lm_ext,
                   curriculum_url = :cur_url,
                   curriculum_external = :cur_ext,
                   apply_url = :apply
             WHERE id = :id
[17-Sep-2025 20:27:39 Europe/Berlin] Prepared statement update result: 1 rows affected
[17-Sep-2025 20:27:39 Europe/Berlin] Timestamp updated for card ID 3 within the main query
[17-Sep-2025 20:27:39 Europe/Berlin] Successfully updated card ID 3
[17-Sep-2025 20:27:39 Europe/Berlin] POST Action: update_card
[17-Sep-2025 20:27:39 Europe/Berlin] POST Data: {"action":"update_card","card_id":"3","card":{"summary":"fsdfds","pillbox_title":"fsdsd","pills":"gdgdfggdgdfgdfg"},"debug_timestamp":"2025-09-17T18:27:39.268Z","force_update":"1"}
[17-Sep-2025 20:27:39 Europe/Berlin] Processing card update. Timestamp: 2025-09-17T18:27:39.268Z, Force update: Yes, AJAX: Yes
[17-Sep-2025 20:27:39 Europe/Berlin] Updating card ID: 3 with data: {"summary":"fsdfds","pillbox_title":"fsdsd","pills":"gdgdfggdgdfgdfg"}
[17-Sep-2025 20:27:39 Europe/Berlin] Force update flag enabled
[17-Sep-2025 20:27:39 Europe/Berlin] Starting update for card ID 3 with data: {"summary":"fsdfds","pillbox_title":"fsdsd","pills":"gdgdfggdgdfgdfg","_force_update":true}
[17-Sep-2025 20:27:39 Europe/Berlin] Found existing card: {"id":3,"is_active":1,"position":3,"slug":"bsit","badge":"BSIT","title":"B.S. in Information Technology","title_muted":null,"summary":"fsdfds","pillbox_title":"fsdsd","pills":"gdgdfggdgdfgdfg","learn_more_url":null,"learn_more_external":0,"curriculum_url":null,"curriculum_external":0,"apply_url":null,"created_at":"2025-09-12 14:04:49","updated_at":"2025-09-18 02:27:39"}
[17-Sep-2025 20:27:39 Europe/Berlin] Executing UPDATE SQL: UPDATE ug_cards
               SET is_active = :act,
                   position = :pos,
                   slug = :slug,
                   badge = :badge,
                   title = :title,
                   title_muted = :muted,
                   summary = :summary,
                   pillbox_title = :pill_t,
                   pills = :pills,
                   learn_more_url = :lm_url,
                   learn_more_external = :lm_ext,
                   curriculum_url = :cur_url,
                   curriculum_external = :cur_ext,
                   apply_url = :apply
             WHERE id = :id
[17-Sep-2025 20:27:39 Europe/Berlin] Prepared statement update result: 0 rows affected
[17-Sep-2025 20:27:39 Europe/Berlin] Timestamp updated for card ID 3 within the main query
[17-Sep-2025 20:27:39 Europe/Berlin] No rows were affected. This could mean no changes were made or there was an issue.
[17-Sep-2025 20:27:39 Europe/Berlin] Card exists but no changes were made - data might be identical
[17-Sep-2025 20:27:39 Europe/Berlin] Card update completed for ID: 3 Success: Yes
[17-Sep-2025 20:27:39 Europe/Berlin] Result details: {"success":true,"rows_affected":0,"message":"Card data updated successfully","card_id":3,"updated_data":{"id":3,"is_active":1,"position":3,"slug":"bsit","badge":"BSIT","title":"B.S. in Information Technology","title_muted":null,"summary":"fsdfds","pillbox_title":"fsdsd","pills":"gdgdfggdgdfgdfg","learn_more_url":null,"learn_more_external":0,"curriculum_url":null,"curriculum_external":0,"apply_url":null},"updated_record":{"id":3,"is_active":1,"position":3,"slug":"bsit","badge":"BSIT","title":"B.S. in Information Technology","title_muted":null,"summary":"fsdfds","pillbox_title":"fsdsd","pills":"gdgdfggdgdfgdfg","learn_more_url":null,"learn_more_external":0,"curriculum_url":null,"curriculum_external":0,"apply_url":null,"created_at":"2025-09-12 14:04:49","updated_at":"2025-09-18 02:27:39"}}
[17-Sep-2025 20:27:45 Europe/Berlin] Starting update for card ID 3 with data: {"position":"3","is_active":"1","badge":"BSIT","title":"B.S. in Information Technology","title_muted":"","slug":"bsit","learn_more_url":"","learn_more_external":"0","curriculum_url":"","curriculum_external":"0","apply_url":""}
[17-Sep-2025 20:27:45 Europe/Berlin] Found existing card: {"id":3,"is_active":1,"position":3,"slug":"bsit","badge":"BSIT","title":"B.S. in Information Technology","title_muted":null,"summary":"fsdfds","pillbox_title":"fsdsd","pills":"gdgdfggdgdfgdfg","learn_more_url":null,"learn_more_external":0,"curriculum_url":null,"curriculum_external":0,"apply_url":null,"created_at":"2025-09-12 14:04:49","updated_at":"2025-09-18 02:27:39"}
[17-Sep-2025 20:27:45 Europe/Berlin] Executing UPDATE SQL: UPDATE ug_cards
               SET is_active = :act,
                   position = :pos,
                   slug = :slug,
                   badge = :badge,
                   title = :title,
                   title_muted = :muted,
                   summary = :summary,
                   pillbox_title = :pill_t,
                   pills = :pills,
                   learn_more_url = :lm_url,
                   learn_more_external = :lm_ext,
                   curriculum_url = :cur_url,
                   curriculum_external = :cur_ext,
                   apply_url = :apply
             WHERE id = :id
[17-Sep-2025 20:27:45 Europe/Berlin] Prepared statement update result: 1 rows affected
[17-Sep-2025 20:27:45 Europe/Berlin] Timestamp updated for card ID 3 within the main query
[17-Sep-2025 20:27:45 Europe/Berlin] Successfully updated card ID 3
[17-Sep-2025 20:27:45 Europe/Berlin] POST Action: update_card
[17-Sep-2025 20:27:45 Europe/Berlin] POST Data: {"action":"update_card","card_id":"3","card":{"position":"3","is_active":"1","badge":"BSIT","title":"B.S. in Information Technology","title_muted":"","slug":"bsit","learn_more_url":"","learn_more_external":"0","curriculum_url":"","curriculum_external":"0","apply_url":""}}
[17-Sep-2025 20:27:45 Europe/Berlin] Processing card update. Timestamp: 2025-09-17T20:27:45+02:00, Force update: No, AJAX: No
[17-Sep-2025 20:27:45 Europe/Berlin] Updating card ID: 3 with data: {"position":"3","is_active":"1","badge":"BSIT","title":"B.S. in Information Technology","title_muted":"","slug":"bsit","learn_more_url":"","learn_more_external":"0","curriculum_url":"","curriculum_external":"0","apply_url":""}
[17-Sep-2025 20:27:45 Europe/Berlin] Starting update for card ID 3 with data: {"position":"3","is_active":"1","badge":"BSIT","title":"B.S. in Information Technology","title_muted":"","slug":"bsit","learn_more_url":"","learn_more_external":"0","curriculum_url":"","curriculum_external":"0","apply_url":"","_force_update":true}
[17-Sep-2025 20:27:45 Europe/Berlin] Found existing card: {"id":3,"is_active":1,"position":3,"slug":"bsit","badge":"BSIT","title":"B.S. in Information Technology","title_muted":null,"summary":"fsdfds","pillbox_title":"fsdsd","pills":"gdgdfggdgdfgdfg","learn_more_url":null,"learn_more_external":0,"curriculum_url":null,"curriculum_external":0,"apply_url":null,"created_at":"2025-09-12 14:04:49","updated_at":"2025-09-18 02:27:45"}
[17-Sep-2025 20:27:45 Europe/Berlin] Executing UPDATE SQL: UPDATE ug_cards
               SET is_active = :act,
                   position = :pos,
                   slug = :slug,
                   badge = :badge,
                   title = :title,
                   title_muted = :muted,
                   summary = :summary,
                   pillbox_title = :pill_t,
                   pills = :pills,
                   learn_more_url = :lm_url,
                   learn_more_external = :lm_ext,
                   curriculum_url = :cur_url,
                   curriculum_external = :cur_ext,
                   apply_url = :apply
             WHERE id = :id
[17-Sep-2025 20:27:45 Europe/Berlin] Prepared statement update result: 0 rows affected
[17-Sep-2025 20:27:45 Europe/Berlin] Timestamp updated for card ID 3 within the main query
[17-Sep-2025 20:27:45 Europe/Berlin] No rows were affected. This could mean no changes were made or there was an issue.
[17-Sep-2025 20:27:45 Europe/Berlin] Card exists but no changes were made - data might be identical
[17-Sep-2025 20:27:45 Europe/Berlin] Card update completed for ID: 3 Success: Yes
[17-Sep-2025 20:27:45 Europe/Berlin] Result details: {"success":true,"rows_affected":0,"message":"Card data updated successfully","card_id":3,"updated_data":{"id":3,"is_active":1,"position":3,"slug":"bsit","badge":"BSIT","title":"B.S. in Information Technology","title_muted":null,"summary":"fsdfds","pillbox_title":"fsdsd","pills":"gdgdfggdgdfgdfg","learn_more_url":null,"learn_more_external":0,"curriculum_url":null,"curriculum_external":0,"apply_url":null},"updated_record":{"id":3,"is_active":1,"position":3,"slug":"bsit","badge":"BSIT","title":"B.S. in Information Technology","title_muted":null,"summary":"fsdfds","pillbox_title":"fsdsd","pills":"gdgdfggdgdfgdfg","learn_more_url":null,"learn_more_external":0,"curriculum_url":null,"curriculum_external":0,"apply_url":null,"created_at":"2025-09-12 14:04:49","updated_at":"2025-09-18 02:27:45"}}
[17-Sep-2025 20:28:03 Europe/Berlin] Starting update for card ID 3 with data: {"position":"3","is_active":"1","badge":"BSIT","title":"B.S. in Information Technology","title_muted":"","slug":"bsit","learn_more_url":"","learn_more_external":"0","curriculum_url":"","curriculum_external":"0","apply_url":""}
[17-Sep-2025 20:28:03 Europe/Berlin] Found existing card: {"id":3,"is_active":1,"position":3,"slug":"bsit","badge":"BSIT","title":"B.S. in Information Technology","title_muted":null,"summary":"fsdfds","pillbox_title":"fsdsd","pills":"gdgdfggdgdfgdfg","learn_more_url":null,"learn_more_external":0,"curriculum_url":null,"curriculum_external":0,"apply_url":null,"created_at":"2025-09-12 14:04:49","updated_at":"2025-09-18 02:27:45"}
[17-Sep-2025 20:28:03 Europe/Berlin] Executing UPDATE SQL: UPDATE ug_cards
               SET is_active = :act,
                   position = :pos,
                   slug = :slug,
                   badge = :badge,
                   title = :title,
                   title_muted = :muted,
                   summary = :summary,
                   pillbox_title = :pill_t,
                   pills = :pills,
                   learn_more_url = :lm_url,
                   learn_more_external = :lm_ext,
                   curriculum_url = :cur_url,
                   curriculum_external = :cur_ext,
                   apply_url = :apply
             WHERE id = :id
[17-Sep-2025 20:28:03 Europe/Berlin] Prepared statement update result: 1 rows affected
[17-Sep-2025 20:28:03 Europe/Berlin] Timestamp updated for card ID 3 within the main query
[17-Sep-2025 20:28:03 Europe/Berlin] Successfully updated card ID 3
[17-Sep-2025 20:28:03 Europe/Berlin] POST Action: update_card
[17-Sep-2025 20:28:03 Europe/Berlin] POST Data: {"action":"update_card","card_id":"3","card":{"position":"3","is_active":"1","badge":"BSIT","title":"B.S. in Information Technology","title_muted":"","slug":"bsit","learn_more_url":"","learn_more_external":"0","curriculum_url":"","curriculum_external":"0","apply_url":""}}
[17-Sep-2025 20:28:03 Europe/Berlin] Processing card update. Timestamp: 2025-09-17T20:28:03+02:00, Force update: No, AJAX: No
[17-Sep-2025 20:28:03 Europe/Berlin] Updating card ID: 3 with data: {"position":"3","is_active":"1","badge":"BSIT","title":"B.S. in Information Technology","title_muted":"","slug":"bsit","learn_more_url":"","learn_more_external":"0","curriculum_url":"","curriculum_external":"0","apply_url":""}
[17-Sep-2025 20:28:03 Europe/Berlin] Starting update for card ID 3 with data: {"position":"3","is_active":"1","badge":"BSIT","title":"B.S. in Information Technology","title_muted":"","slug":"bsit","learn_more_url":"","learn_more_external":"0","curriculum_url":"","curriculum_external":"0","apply_url":"","_force_update":true}
[17-Sep-2025 20:28:03 Europe/Berlin] Found existing card: {"id":3,"is_active":1,"position":3,"slug":"bsit","badge":"BSIT","title":"B.S. in Information Technology","title_muted":null,"summary":"fsdfds","pillbox_title":"fsdsd","pills":"gdgdfggdgdfgdfg","learn_more_url":null,"learn_more_external":0,"curriculum_url":null,"curriculum_external":0,"apply_url":null,"created_at":"2025-09-12 14:04:49","updated_at":"2025-09-18 02:28:03"}
[17-Sep-2025 20:28:03 Europe/Berlin] Executing UPDATE SQL: UPDATE ug_cards
               SET is_active = :act,
                   position = :pos,
                   slug = :slug,
                   badge = :badge,
                   title = :title,
                   title_muted = :muted,
                   summary = :summary,
                   pillbox_title = :pill_t,
                   pills = :pills,
                   learn_more_url = :lm_url,
                   learn_more_external = :lm_ext,
                   curriculum_url = :cur_url,
                   curriculum_external = :cur_ext,
                   apply_url = :apply
             WHERE id = :id
[17-Sep-2025 20:28:03 Europe/Berlin] Prepared statement update result: 0 rows affected
[17-Sep-2025 20:28:03 Europe/Berlin] Timestamp updated for card ID 3 within the main query
[17-Sep-2025 20:28:03 Europe/Berlin] No rows were affected. This could mean no changes were made or there was an issue.
[17-Sep-2025 20:28:03 Europe/Berlin] Card exists but no changes were made - data might be identical
[17-Sep-2025 20:28:03 Europe/Berlin] Card update completed for ID: 3 Success: Yes
[17-Sep-2025 20:28:03 Europe/Berlin] Result details: {"success":true,"rows_affected":0,"message":"Card data updated successfully","card_id":3,"updated_data":{"id":3,"is_active":1,"position":3,"slug":"bsit","badge":"BSIT","title":"B.S. in Information Technology","title_muted":null,"summary":"fsdfds","pillbox_title":"fsdsd","pills":"gdgdfggdgdfgdfg","learn_more_url":null,"learn_more_external":0,"curriculum_url":null,"curriculum_external":0,"apply_url":null},"updated_record":{"id":3,"is_active":1,"position":3,"slug":"bsit","badge":"BSIT","title":"B.S. in Information Technology","title_muted":null,"summary":"fsdfds","pillbox_title":"fsdsd","pills":"gdgdfggdgdfgdfg","learn_more_url":null,"learn_more_external":0,"curriculum_url":null,"curriculum_external":0,"apply_url":null,"created_at":"2025-09-12 14:04:49","updated_at":"2025-09-18 02:28:03"}}
[17-Sep-2025 20:28:26 Europe/Berlin] Starting update for card ID 3 with data: {"position":"3","is_active":"1","badge":"BSIT","title":"B.S. in Information Technology","title_muted":"","slug":"bsit","learn_more_url":"","learn_more_external":"0","curriculum_url":"","curriculum_external":"0","apply_url":""}
[17-Sep-2025 20:28:26 Europe/Berlin] Found existing card: {"id":3,"is_active":1,"position":3,"slug":"bsit","badge":"BSIT","title":"B.S. in Information Technology","title_muted":null,"summary":"fsdfds","pillbox_title":"fsdsd","pills":"gdgdfggdgdfgdfg","learn_more_url":null,"learn_more_external":0,"curriculum_url":null,"curriculum_external":0,"apply_url":null,"created_at":"2025-09-12 14:04:49","updated_at":"2025-09-18 02:28:03"}
[17-Sep-2025 20:28:26 Europe/Berlin] Executing UPDATE SQL: UPDATE ug_cards
               SET is_active = :act,
                   position = :pos,
                   slug = :slug,
                   badge = :badge,
                   title = :title,
                   title_muted = :muted,
                   summary = :summary,
                   pillbox_title = :pill_t,
                   pills = :pills,
                   learn_more_url = :lm_url,
                   learn_more_external = :lm_ext,
                   curriculum_url = :cur_url,
                   curriculum_external = :cur_ext,
                   apply_url = :apply
             WHERE id = :id
[17-Sep-2025 20:28:26 Europe/Berlin] Prepared statement update result: 1 rows affected
[17-Sep-2025 20:28:26 Europe/Berlin] Timestamp updated for card ID 3 within the main query
[17-Sep-2025 20:28:26 Europe/Berlin] Successfully updated card ID 3
[17-Sep-2025 20:28:26 Europe/Berlin] POST Action: update_card
[17-Sep-2025 20:28:26 Europe/Berlin] POST Data: {"action":"update_card","card_id":"3","card":{"position":"3","is_active":"1","badge":"BSIT","title":"B.S. in Information Technology","title_muted":"","slug":"bsit","learn_more_url":"","learn_more_external":"0","curriculum_url":"","curriculum_external":"0","apply_url":""}}
[17-Sep-2025 20:28:26 Europe/Berlin] Processing card update. Timestamp: 2025-09-17T20:28:26+02:00, Force update: No, AJAX: No
[17-Sep-2025 20:28:26 Europe/Berlin] Updating card ID: 3 with data: {"position":"3","is_active":"1","badge":"BSIT","title":"B.S. in Information Technology","title_muted":"","slug":"bsit","learn_more_url":"","learn_more_external":"0","curriculum_url":"","curriculum_external":"0","apply_url":""}
[17-Sep-2025 20:28:26 Europe/Berlin] Starting update for card ID 3 with data: {"position":"3","is_active":"1","badge":"BSIT","title":"B.S. in Information Technology","title_muted":"","slug":"bsit","learn_more_url":"","learn_more_external":"0","curriculum_url":"","curriculum_external":"0","apply_url":"","_force_update":true}
[17-Sep-2025 20:28:26 Europe/Berlin] Found existing card: {"id":3,"is_active":1,"position":3,"slug":"bsit","badge":"BSIT","title":"B.S. in Information Technology","title_muted":null,"summary":"fsdfds","pillbox_title":"fsdsd","pills":"gdgdfggdgdfgdfg","learn_more_url":null,"learn_more_external":0,"curriculum_url":null,"curriculum_external":0,"apply_url":null,"created_at":"2025-09-12 14:04:49","updated_at":"2025-09-18 02:28:26"}
[17-Sep-2025 20:28:26 Europe/Berlin] Executing UPDATE SQL: UPDATE ug_cards
               SET is_active = :act,
                   position = :pos,
                   slug = :slug,
                   badge = :badge,
                   title = :title,
                   title_muted = :muted,
                   summary = :summary,
                   pillbox_title = :pill_t,
                   pills = :pills,
                   learn_more_url = :lm_url,
                   learn_more_external = :lm_ext,
                   curriculum_url = :cur_url,
                   curriculum_external = :cur_ext,
                   apply_url = :apply
             WHERE id = :id
[17-Sep-2025 20:28:26 Europe/Berlin] Prepared statement update result: 0 rows affected
[17-Sep-2025 20:28:26 Europe/Berlin] Timestamp updated for card ID 3 within the main query
[17-Sep-2025 20:28:26 Europe/Berlin] No rows were affected. This could mean no changes were made or there was an issue.
[17-Sep-2025 20:28:26 Europe/Berlin] Card exists but no changes were made - data might be identical
[17-Sep-2025 20:28:26 Europe/Berlin] Card update completed for ID: 3 Success: Yes
[17-Sep-2025 20:28:26 Europe/Berlin] Result details: {"success":true,"rows_affected":0,"message":"Card data updated successfully","card_id":3,"updated_data":{"id":3,"is_active":1,"position":3,"slug":"bsit","badge":"BSIT","title":"B.S. in Information Technology","title_muted":null,"summary":"fsdfds","pillbox_title":"fsdsd","pills":"gdgdfggdgdfgdfg","learn_more_url":null,"learn_more_external":0,"curriculum_url":null,"curriculum_external":0,"apply_url":null},"updated_record":{"id":3,"is_active":1,"position":3,"slug":"bsit","badge":"BSIT","title":"B.S. in Information Technology","title_muted":null,"summary":"fsdfds","pillbox_title":"fsdsd","pills":"gdgdfggdgdfgdfg","learn_more_url":null,"learn_more_external":0,"curriculum_url":null,"curriculum_external":0,"apply_url":null,"created_at":"2025-09-12 14:04:49","updated_at":"2025-09-18 02:28:26"}}
[17-Sep-2025 20:28:37 Europe/Berlin] Starting update for card ID 3 with data: {"summary":"fsdfds","pillbox_title":"Tracks","pills":"gdgdfggdgdfgdfg"}
[17-Sep-2025 20:28:37 Europe/Berlin] Found existing card: {"id":3,"is_active":1,"position":3,"slug":"bsit","badge":"BSIT","title":"B.S. in Information Technology","title_muted":null,"summary":"fsdfds","pillbox_title":"fsdsd","pills":"gdgdfggdgdfgdfg","learn_more_url":null,"learn_more_external":0,"curriculum_url":null,"curriculum_external":0,"apply_url":null,"created_at":"2025-09-12 14:04:49","updated_at":"2025-09-18 02:28:26"}
[17-Sep-2025 20:28:37 Europe/Berlin] Executing UPDATE SQL: UPDATE ug_cards
               SET is_active = :act,
                   position = :pos,
                   slug = :slug,
                   badge = :badge,
                   title = :title,
                   title_muted = :muted,
                   summary = :summary,
                   pillbox_title = :pill_t,
                   pills = :pills,
                   learn_more_url = :lm_url,
                   learn_more_external = :lm_ext,
                   curriculum_url = :cur_url,
                   curriculum_external = :cur_ext,
                   apply_url = :apply
             WHERE id = :id
[17-Sep-2025 20:28:37 Europe/Berlin] Prepared statement update result: 1 rows affected
[17-Sep-2025 20:28:37 Europe/Berlin] Timestamp updated for card ID 3 within the main query
[17-Sep-2025 20:28:37 Europe/Berlin] Successfully updated card ID 3
[17-Sep-2025 20:28:37 Europe/Berlin] POST Action: update_card
[17-Sep-2025 20:28:37 Europe/Berlin] POST Data: {"action":"update_card","card_id":"3","card":{"summary":"fsdfds","pillbox_title":"Tracks","pills":"gdgdfggdgdfgdfg"},"debug_timestamp":"2025-09-17T18:28:37.925Z","force_update":"1"}
[17-Sep-2025 20:28:37 Europe/Berlin] Processing card update. Timestamp: 2025-09-17T18:28:37.925Z, Force update: Yes, AJAX: Yes
[17-Sep-2025 20:28:37 Europe/Berlin] Updating card ID: 3 with data: {"summary":"fsdfds","pillbox_title":"Tracks","pills":"gdgdfggdgdfgdfg"}
[17-Sep-2025 20:28:37 Europe/Berlin] Force update flag enabled
[17-Sep-2025 20:28:37 Europe/Berlin] Starting update for card ID 3 with data: {"summary":"fsdfds","pillbox_title":"Tracks","pills":"gdgdfggdgdfgdfg","_force_update":true}
[17-Sep-2025 20:28:37 Europe/Berlin] Found existing card: {"id":3,"is_active":1,"position":3,"slug":"bsit","badge":"BSIT","title":"B.S. in Information Technology","title_muted":null,"summary":"fsdfds","pillbox_title":"Tracks","pills":"gdgdfggdgdfgdfg","learn_more_url":null,"learn_more_external":0,"curriculum_url":null,"curriculum_external":0,"apply_url":null,"created_at":"2025-09-12 14:04:49","updated_at":"2025-09-18 02:28:37"}
[17-Sep-2025 20:28:37 Europe/Berlin] Executing UPDATE SQL: UPDATE ug_cards
               SET is_active = :act,
                   position = :pos,
                   slug = :slug,
                   badge = :badge,
                   title = :title,
                   title_muted = :muted,
                   summary = :summary,
                   pillbox_title = :pill_t,
                   pills = :pills,
                   learn_more_url = :lm_url,
                   learn_more_external = :lm_ext,
                   curriculum_url = :cur_url,
                   curriculum_external = :cur_ext,
                   apply_url = :apply
             WHERE id = :id
[17-Sep-2025 20:28:37 Europe/Berlin] Prepared statement update result: 0 rows affected
[17-Sep-2025 20:28:37 Europe/Berlin] Timestamp updated for card ID 3 within the main query
[17-Sep-2025 20:28:37 Europe/Berlin] No rows were affected. This could mean no changes were made or there was an issue.
[17-Sep-2025 20:28:37 Europe/Berlin] Card exists but no changes were made - data might be identical
[17-Sep-2025 20:28:37 Europe/Berlin] Card update completed for ID: 3 Success: Yes
[17-Sep-2025 20:28:37 Europe/Berlin] Result details: {"success":true,"rows_affected":0,"message":"Card data updated successfully","card_id":3,"updated_data":{"id":3,"is_active":1,"position":3,"slug":"bsit","badge":"BSIT","title":"B.S. in Information Technology","title_muted":null,"summary":"fsdfds","pillbox_title":"Tracks","pills":"gdgdfggdgdfgdfg","learn_more_url":null,"learn_more_external":0,"curriculum_url":null,"curriculum_external":0,"apply_url":null},"updated_record":{"id":3,"is_active":1,"position":3,"slug":"bsit","badge":"BSIT","title":"B.S. in Information Technology","title_muted":null,"summary":"fsdfds","pillbox_title":"Tracks","pills":"gdgdfggdgdfgdfg","learn_more_url":null,"learn_more_external":0,"curriculum_url":null,"curriculum_external":0,"apply_url":null,"created_at":"2025-09-12 14:04:49","updated_at":"2025-09-18 02:28:37"}}
[17-Sep-2025 20:28:44 Europe/Berlin] Starting update for card ID 3 with data: {"position":"3","is_active":"1","badge":"BSIT","title":"B.S. in Information Technology","title_muted":"","slug":"bsit","learn_more_url":"","learn_more_external":"0","curriculum_url":"","curriculum_external":"0","apply_url":""}
[17-Sep-2025 20:28:44 Europe/Berlin] Found existing card: {"id":3,"is_active":1,"position":3,"slug":"bsit","badge":"BSIT","title":"B.S. in Information Technology","title_muted":null,"summary":"fsdfds","pillbox_title":"Tracks","pills":"gdgdfggdgdfgdfg","learn_more_url":null,"learn_more_external":0,"curriculum_url":null,"curriculum_external":0,"apply_url":null,"created_at":"2025-09-12 14:04:49","updated_at":"2025-09-18 02:28:37"}
[17-Sep-2025 20:28:44 Europe/Berlin] Executing UPDATE SQL: UPDATE ug_cards
               SET is_active = :act,
                   position = :pos,
                   slug = :slug,
                   badge = :badge,
                   title = :title,
                   title_muted = :muted,
                   summary = :summary,
                   pillbox_title = :pill_t,
                   pills = :pills,
                   learn_more_url = :lm_url,
                   learn_more_external = :lm_ext,
                   curriculum_url = :cur_url,
                   curriculum_external = :cur_ext,
                   apply_url = :apply
             WHERE id = :id
[17-Sep-2025 20:28:44 Europe/Berlin] Prepared statement update result: 1 rows affected
[17-Sep-2025 20:28:44 Europe/Berlin] Timestamp updated for card ID 3 within the main query
[17-Sep-2025 20:28:44 Europe/Berlin] Successfully updated card ID 3
[17-Sep-2025 20:28:44 Europe/Berlin] POST Action: update_card
[17-Sep-2025 20:28:44 Europe/Berlin] POST Data: {"action":"update_card","card_id":"3","card":{"position":"3","is_active":"1","badge":"BSIT","title":"B.S. in Information Technology","title_muted":"","slug":"bsit","learn_more_url":"","learn_more_external":"0","curriculum_url":"","curriculum_external":"0","apply_url":""}}
[17-Sep-2025 20:28:44 Europe/Berlin] Processing card update. Timestamp: 2025-09-17T20:28:44+02:00, Force update: No, AJAX: No
[17-Sep-2025 20:28:44 Europe/Berlin] Updating card ID: 3 with data: {"position":"3","is_active":"1","badge":"BSIT","title":"B.S. in Information Technology","title_muted":"","slug":"bsit","learn_more_url":"","learn_more_external":"0","curriculum_url":"","curriculum_external":"0","apply_url":""}
[17-Sep-2025 20:28:44 Europe/Berlin] Starting update for card ID 3 with data: {"position":"3","is_active":"1","badge":"BSIT","title":"B.S. in Information Technology","title_muted":"","slug":"bsit","learn_more_url":"","learn_more_external":"0","curriculum_url":"","curriculum_external":"0","apply_url":"","_force_update":true}
[17-Sep-2025 20:28:44 Europe/Berlin] Found existing card: {"id":3,"is_active":1,"position":3,"slug":"bsit","badge":"BSIT","title":"B.S. in Information Technology","title_muted":null,"summary":"fsdfds","pillbox_title":"Tracks","pills":"gdgdfggdgdfgdfg","learn_more_url":null,"learn_more_external":0,"curriculum_url":null,"curriculum_external":0,"apply_url":null,"created_at":"2025-09-12 14:04:49","updated_at":"2025-09-18 02:28:44"}
[17-Sep-2025 20:28:44 Europe/Berlin] Executing UPDATE SQL: UPDATE ug_cards
               SET is_active = :act,
                   position = :pos,
                   slug = :slug,
                   badge = :badge,
                   title = :title,
                   title_muted = :muted,
                   summary = :summary,
                   pillbox_title = :pill_t,
                   pills = :pills,
                   learn_more_url = :lm_url,
                   learn_more_external = :lm_ext,
                   curriculum_url = :cur_url,
                   curriculum_external = :cur_ext,
                   apply_url = :apply
             WHERE id = :id
[17-Sep-2025 20:28:44 Europe/Berlin] Prepared statement update result: 0 rows affected
[17-Sep-2025 20:28:44 Europe/Berlin] Timestamp updated for card ID 3 within the main query
[17-Sep-2025 20:28:44 Europe/Berlin] No rows were affected. This could mean no changes were made or there was an issue.
[17-Sep-2025 20:28:44 Europe/Berlin] Card exists but no changes were made - data might be identical
[17-Sep-2025 20:28:44 Europe/Berlin] Card update completed for ID: 3 Success: Yes
[17-Sep-2025 20:28:44 Europe/Berlin] Result details: {"success":true,"rows_affected":0,"message":"Card data updated successfully","card_id":3,"updated_data":{"id":3,"is_active":1,"position":3,"slug":"bsit","badge":"BSIT","title":"B.S. in Information Technology","title_muted":null,"summary":"fsdfds","pillbox_title":"Tracks","pills":"gdgdfggdgdfgdfg","learn_more_url":null,"learn_more_external":0,"curriculum_url":null,"curriculum_external":0,"apply_url":null},"updated_record":{"id":3,"is_active":1,"position":3,"slug":"bsit","badge":"BSIT","title":"B.S. in Information Technology","title_muted":null,"summary":"fsdfds","pillbox_title":"Tracks","pills":"gdgdfggdgdfgdfg","learn_more_url":null,"learn_more_external":0,"curriculum_url":null,"curriculum_external":0,"apply_url":null,"created_at":"2025-09-12 14:04:49","updated_at":"2025-09-18 02:28:44"}}
[17-Sep-2025 20:30:11 Europe/Berlin] Starting update for card ID 3 with data: {"position":"3","is_active":"1","badge":"BSIT","title":"B.S. in Information Technology","title_muted":"","slug":"bsit","learn_more_url":"","learn_more_external":"0","curriculum_url":"","curriculum_external":"0","apply_url":""}
[17-Sep-2025 20:30:11 Europe/Berlin] Found existing card: {"id":3,"is_active":1,"position":3,"slug":"bsit","badge":"BSIT","title":"B.S. in Information Technology","title_muted":null,"summary":"fsdfds","pillbox_title":"Tracks","pills":"gdgdfggdgdfgdfg","learn_more_url":null,"learn_more_external":0,"curriculum_url":null,"curriculum_external":0,"apply_url":null,"created_at":"2025-09-12 14:04:49","updated_at":"2025-09-18 02:28:44"}
[17-Sep-2025 20:30:11 Europe/Berlin] Executing UPDATE SQL: UPDATE ug_cards
               SET is_active = :act,
                   position = :pos,
                   slug = :slug,
                   badge = :badge,
                   title = :title,
                   title_muted = :muted,
                   summary = :summary,
                   pillbox_title = :pill_t,
                   pills = :pills,
                   learn_more_url = :lm_url,
                   learn_more_external = :lm_ext,
                   curriculum_url = :cur_url,
                   curriculum_external = :cur_ext,
                   apply_url = :apply
             WHERE id = :id
[17-Sep-2025 20:30:11 Europe/Berlin] Prepared statement update result: 1 rows affected
[17-Sep-2025 20:30:11 Europe/Berlin] Timestamp updated for card ID 3 within the main query
[17-Sep-2025 20:30:11 Europe/Berlin] Successfully updated card ID 3
[17-Sep-2025 20:30:11 Europe/Berlin] POST Action: update_card
[17-Sep-2025 20:30:11 Europe/Berlin] POST Data: {"action":"update_card","card_id":"3","card":{"position":"3","is_active":"1","badge":"BSIT","title":"B.S. in Information Technology","title_muted":"","slug":"bsit","learn_more_url":"","learn_more_external":"0","curriculum_url":"","curriculum_external":"0","apply_url":""}}
[17-Sep-2025 20:30:11 Europe/Berlin] Processing card update. Timestamp: 2025-09-17T20:30:11+02:00, Force update: No, AJAX: No
[17-Sep-2025 20:30:11 Europe/Berlin] Updating card ID: 3 with data: {"position":"3","is_active":"1","badge":"BSIT","title":"B.S. in Information Technology","title_muted":"","slug":"bsit","learn_more_url":"","learn_more_external":"0","curriculum_url":"","curriculum_external":"0","apply_url":""}
[17-Sep-2025 20:30:11 Europe/Berlin] Starting update for card ID 3 with data: {"position":"3","is_active":"1","badge":"BSIT","title":"B.S. in Information Technology","title_muted":"","slug":"bsit","learn_more_url":"","learn_more_external":"0","curriculum_url":"","curriculum_external":"0","apply_url":"","_force_update":true}
[17-Sep-2025 20:30:11 Europe/Berlin] Found existing card: {"id":3,"is_active":1,"position":3,"slug":"bsit","badge":"BSIT","title":"B.S. in Information Technology","title_muted":null,"summary":"fsdfds","pillbox_title":"Tracks","pills":"gdgdfggdgdfgdfg","learn_more_url":null,"learn_more_external":0,"curriculum_url":null,"curriculum_external":0,"apply_url":null,"created_at":"2025-09-12 14:04:49","updated_at":"2025-09-18 02:30:11"}
[17-Sep-2025 20:30:11 Europe/Berlin] Executing UPDATE SQL: UPDATE ug_cards
               SET is_active = :act,
                   position = :pos,
                   slug = :slug,
                   badge = :badge,
                   title = :title,
                   title_muted = :muted,
                   summary = :summary,
                   pillbox_title = :pill_t,
                   pills = :pills,
                   learn_more_url = :lm_url,
                   learn_more_external = :lm_ext,
                   curriculum_url = :cur_url,
                   curriculum_external = :cur_ext,
                   apply_url = :apply
             WHERE id = :id
[17-Sep-2025 20:30:11 Europe/Berlin] Prepared statement update result: 0 rows affected
[17-Sep-2025 20:30:11 Europe/Berlin] Timestamp updated for card ID 3 within the main query
[17-Sep-2025 20:30:11 Europe/Berlin] No rows were affected. This could mean no changes were made or there was an issue.
[17-Sep-2025 20:30:11 Europe/Berlin] Card exists but no changes were made - data might be identical
[17-Sep-2025 20:30:11 Europe/Berlin] Card update completed for ID: 3 Success: Yes
[17-Sep-2025 20:30:11 Europe/Berlin] Result details: {"success":true,"rows_affected":0,"message":"Card data updated successfully","card_id":3,"updated_data":{"id":3,"is_active":1,"position":3,"slug":"bsit","badge":"BSIT","title":"B.S. in Information Technology","title_muted":null,"summary":"fsdfds","pillbox_title":"Tracks","pills":"gdgdfggdgdfgdfg","learn_more_url":null,"learn_more_external":0,"curriculum_url":null,"curriculum_external":0,"apply_url":null},"updated_record":{"id":3,"is_active":1,"position":3,"slug":"bsit","badge":"BSIT","title":"B.S. in Information Technology","title_muted":null,"summary":"fsdfds","pillbox_title":"Tracks","pills":"gdgdfggdgdfgdfg","learn_more_url":null,"learn_more_external":0,"curriculum_url":null,"curriculum_external":0,"apply_url":null,"created_at":"2025-09-12 14:04:49","updated_at":"2025-09-18 02:30:11"}}
[17-Sep-2025 20:30:17 Europe/Berlin] Starting update for card ID 3 with data: {"position":"3","is_active":"1","badge":"BSIT","title":"B.S. in Information Technology","title_muted":"","slug":"bsit","learn_more_url":"","learn_more_external":"0","curriculum_url":"","curriculum_external":"0","apply_url":""}
[17-Sep-2025 20:30:17 Europe/Berlin] Found existing card: {"id":3,"is_active":1,"position":3,"slug":"bsit","badge":"BSIT","title":"B.S. in Information Technology","title_muted":null,"summary":"fsdfds","pillbox_title":"Tracks","pills":"gdgdfggdgdfgdfg","learn_more_url":null,"learn_more_external":0,"curriculum_url":null,"curriculum_external":0,"apply_url":null,"created_at":"2025-09-12 14:04:49","updated_at":"2025-09-18 02:30:11"}
[17-Sep-2025 20:30:17 Europe/Berlin] Executing UPDATE SQL: UPDATE ug_cards
               SET is_active = :act,
                   position = :pos,
                   slug = :slug,
                   badge = :badge,
                   title = :title,
                   title_muted = :muted,
                   summary = :summary,
                   pillbox_title = :pill_t,
                   pills = :pills,
                   learn_more_url = :lm_url,
                   learn_more_external = :lm_ext,
                   curriculum_url = :cur_url,
                   curriculum_external = :cur_ext,
                   apply_url = :apply
             WHERE id = :id
[17-Sep-2025 20:30:17 Europe/Berlin] Prepared statement update result: 1 rows affected
[17-Sep-2025 20:30:17 Europe/Berlin] Timestamp updated for card ID 3 within the main query
[17-Sep-2025 20:30:17 Europe/Berlin] Successfully updated card ID 3
[17-Sep-2025 20:30:17 Europe/Berlin] POST Action: update_card
[17-Sep-2025 20:30:17 Europe/Berlin] POST Data: {"action":"update_card","card_id":"3","card":{"position":"3","is_active":"1","badge":"BSIT","title":"B.S. in Information Technology","title_muted":"","slug":"bsit","learn_more_url":"","learn_more_external":"0","curriculum_url":"","curriculum_external":"0","apply_url":""}}
[17-Sep-2025 20:30:17 Europe/Berlin] Processing card update. Timestamp: 2025-09-17T20:30:17+02:00, Force update: No, AJAX: No
[17-Sep-2025 20:30:17 Europe/Berlin] Updating card ID: 3 with data: {"position":"3","is_active":"1","badge":"BSIT","title":"B.S. in Information Technology","title_muted":"","slug":"bsit","learn_more_url":"","learn_more_external":"0","curriculum_url":"","curriculum_external":"0","apply_url":""}
[17-Sep-2025 20:30:17 Europe/Berlin] Starting update for card ID 3 with data: {"position":"3","is_active":"1","badge":"BSIT","title":"B.S. in Information Technology","title_muted":"","slug":"bsit","learn_more_url":"","learn_more_external":"0","curriculum_url":"","curriculum_external":"0","apply_url":"","_force_update":true}
[17-Sep-2025 20:30:17 Europe/Berlin] Found existing card: {"id":3,"is_active":1,"position":3,"slug":"bsit","badge":"BSIT","title":"B.S. in Information Technology","title_muted":null,"summary":"fsdfds","pillbox_title":"Tracks","pills":"gdgdfggdgdfgdfg","learn_more_url":null,"learn_more_external":0,"curriculum_url":null,"curriculum_external":0,"apply_url":null,"created_at":"2025-09-12 14:04:49","updated_at":"2025-09-18 02:30:17"}
[17-Sep-2025 20:30:17 Europe/Berlin] Executing UPDATE SQL: UPDATE ug_cards
               SET is_active = :act,
                   position = :pos,
                   slug = :slug,
                   badge = :badge,
                   title = :title,
                   title_muted = :muted,
                   summary = :summary,
                   pillbox_title = :pill_t,
                   pills = :pills,
                   learn_more_url = :lm_url,
                   learn_more_external = :lm_ext,
                   curriculum_url = :cur_url,
                   curriculum_external = :cur_ext,
                   apply_url = :apply
             WHERE id = :id
[17-Sep-2025 20:30:17 Europe/Berlin] Prepared statement update result: 0 rows affected
[17-Sep-2025 20:30:17 Europe/Berlin] Timestamp updated for card ID 3 within the main query
[17-Sep-2025 20:30:17 Europe/Berlin] No rows were affected. This could mean no changes were made or there was an issue.
[17-Sep-2025 20:30:17 Europe/Berlin] Card exists but no changes were made - data might be identical
[17-Sep-2025 20:30:17 Europe/Berlin] Card update completed for ID: 3 Success: Yes
[17-Sep-2025 20:30:17 Europe/Berlin] Result details: {"success":true,"rows_affected":0,"message":"Card data updated successfully","card_id":3,"updated_data":{"id":3,"is_active":1,"position":3,"slug":"bsit","badge":"BSIT","title":"B.S. in Information Technology","title_muted":null,"summary":"fsdfds","pillbox_title":"Tracks","pills":"gdgdfggdgdfgdfg","learn_more_url":null,"learn_more_external":0,"curriculum_url":null,"curriculum_external":0,"apply_url":null},"updated_record":{"id":3,"is_active":1,"position":3,"slug":"bsit","badge":"BSIT","title":"B.S. in Information Technology","title_muted":null,"summary":"fsdfds","pillbox_title":"Tracks","pills":"gdgdfggdgdfgdfg","learn_more_url":null,"learn_more_external":0,"curriculum_url":null,"curriculum_external":0,"apply_url":null,"created_at":"2025-09-12 14:04:49","updated_at":"2025-09-18 02:30:17"}}
[17-Sep-2025 20:30:22 Europe/Berlin] Starting update for card ID 3 with data: {"position":"3","is_active":"1","badge":"BSIT","title":"B.S. in Information Technology","title_muted":"","slug":"bsit","learn_more_url":"","learn_more_external":"0","curriculum_url":"","curriculum_external":"0","apply_url":""}
[17-Sep-2025 20:30:22 Europe/Berlin] Found existing card: {"id":3,"is_active":1,"position":3,"slug":"bsit","badge":"BSIT","title":"B.S. in Information Technology","title_muted":null,"summary":"fsdfds","pillbox_title":"Tracks","pills":"gdgdfggdgdfgdfg","learn_more_url":null,"learn_more_external":0,"curriculum_url":null,"curriculum_external":0,"apply_url":null,"created_at":"2025-09-12 14:04:49","updated_at":"2025-09-18 02:30:17"}
[17-Sep-2025 20:30:22 Europe/Berlin] Executing UPDATE SQL: UPDATE ug_cards
               SET is_active = :act,
                   position = :pos,
                   slug = :slug,
                   badge = :badge,
                   title = :title,
                   title_muted = :muted,
                   summary = :summary,
                   pillbox_title = :pill_t,
                   pills = :pills,
                   learn_more_url = :lm_url,
                   learn_more_external = :lm_ext,
                   curriculum_url = :cur_url,
                   curriculum_external = :cur_ext,
                   apply_url = :apply
             WHERE id = :id
[17-Sep-2025 20:30:22 Europe/Berlin] Prepared statement update result: 1 rows affected
[17-Sep-2025 20:30:22 Europe/Berlin] Timestamp updated for card ID 3 within the main query
[17-Sep-2025 20:30:22 Europe/Berlin] Successfully updated card ID 3
[17-Sep-2025 20:30:22 Europe/Berlin] POST Action: update_card
[17-Sep-2025 20:30:22 Europe/Berlin] POST Data: {"action":"update_card","card_id":"3","card":{"position":"3","is_active":"1","badge":"BSIT","title":"B.S. in Information Technology","title_muted":"","slug":"bsit","learn_more_url":"","learn_more_external":"0","curriculum_url":"","curriculum_external":"0","apply_url":""}}
[17-Sep-2025 20:30:22 Europe/Berlin] Processing card update. Timestamp: 2025-09-17T20:30:22+02:00, Force update: No, AJAX: No
[17-Sep-2025 20:30:22 Europe/Berlin] Updating card ID: 3 with data: {"position":"3","is_active":"1","badge":"BSIT","title":"B.S. in Information Technology","title_muted":"","slug":"bsit","learn_more_url":"","learn_more_external":"0","curriculum_url":"","curriculum_external":"0","apply_url":""}
[17-Sep-2025 20:30:22 Europe/Berlin] Starting update for card ID 3 with data: {"position":"3","is_active":"1","badge":"BSIT","title":"B.S. in Information Technology","title_muted":"","slug":"bsit","learn_more_url":"","learn_more_external":"0","curriculum_url":"","curriculum_external":"0","apply_url":"","_force_update":true}
[17-Sep-2025 20:30:22 Europe/Berlin] Found existing card: {"id":3,"is_active":1,"position":3,"slug":"bsit","badge":"BSIT","title":"B.S. in Information Technology","title_muted":null,"summary":"fsdfds","pillbox_title":"Tracks","pills":"gdgdfggdgdfgdfg","learn_more_url":null,"learn_more_external":0,"curriculum_url":null,"curriculum_external":0,"apply_url":null,"created_at":"2025-09-12 14:04:49","updated_at":"2025-09-18 02:30:22"}
[17-Sep-2025 20:30:22 Europe/Berlin] Executing UPDATE SQL: UPDATE ug_cards
               SET is_active = :act,
                   position = :pos,
                   slug = :slug,
                   badge = :badge,
                   title = :title,
                   title_muted = :muted,
                   summary = :summary,
                   pillbox_title = :pill_t,
                   pills = :pills,
                   learn_more_url = :lm_url,
                   learn_more_external = :lm_ext,
                   curriculum_url = :cur_url,
                   curriculum_external = :cur_ext,
                   apply_url = :apply
             WHERE id = :id
[17-Sep-2025 20:30:22 Europe/Berlin] Prepared statement update result: 0 rows affected
[17-Sep-2025 20:30:22 Europe/Berlin] Timestamp updated for card ID 3 within the main query
[17-Sep-2025 20:30:22 Europe/Berlin] No rows were affected. This could mean no changes were made or there was an issue.
[17-Sep-2025 20:30:22 Europe/Berlin] Card exists but no changes were made - data might be identical
[17-Sep-2025 20:30:22 Europe/Berlin] Card update completed for ID: 3 Success: Yes
[17-Sep-2025 20:30:22 Europe/Berlin] Result details: {"success":true,"rows_affected":0,"message":"Card data updated successfully","card_id":3,"updated_data":{"id":3,"is_active":1,"position":3,"slug":"bsit","badge":"BSIT","title":"B.S. in Information Technology","title_muted":null,"summary":"fsdfds","pillbox_title":"Tracks","pills":"gdgdfggdgdfgdfg","learn_more_url":null,"learn_more_external":0,"curriculum_url":null,"curriculum_external":0,"apply_url":null},"updated_record":{"id":3,"is_active":1,"position":3,"slug":"bsit","badge":"BSIT","title":"B.S. in Information Technology","title_muted":null,"summary":"fsdfds","pillbox_title":"Tracks","pills":"gdgdfggdgdfgdfg","learn_more_url":null,"learn_more_external":0,"curriculum_url":null,"curriculum_external":0,"apply_url":null,"created_at":"2025-09-12 14:04:49","updated_at":"2025-09-18 02:30:22"}}
[17-Sep-2025 20:30:57 Europe/Berlin] Starting update for card ID 3 with data: {"position":"3","is_active":"1","badge":"BSIT","title":"B.S. in Information Technology","title_muted":"","slug":"bsit","learn_more_url":"","learn_more_external":"0","curriculum_url":"","curriculum_external":"0","apply_url":""}
[17-Sep-2025 20:30:57 Europe/Berlin] Found existing card: {"id":3,"is_active":1,"position":3,"slug":"bsit","badge":"BSIT","title":"B.S. in Information Technology","title_muted":null,"summary":"fsdfds","pillbox_title":"Tracks","pills":"gdgdfggdgdfgdfg","learn_more_url":null,"learn_more_external":0,"curriculum_url":null,"curriculum_external":0,"apply_url":null,"created_at":"2025-09-12 14:04:49","updated_at":"2025-09-18 02:30:22"}
[17-Sep-2025 20:30:57 Europe/Berlin] Executing UPDATE SQL: UPDATE ug_cards
               SET is_active = :act,
                   position = :pos,
                   slug = :slug,
                   badge = :badge,
                   title = :title,
                   title_muted = :muted,
                   summary = :summary,
                   pillbox_title = :pill_t,
                   pills = :pills,
                   learn_more_url = :lm_url,
                   learn_more_external = :lm_ext,
                   curriculum_url = :cur_url,
                   curriculum_external = :cur_ext,
                   apply_url = :apply
             WHERE id = :id
[17-Sep-2025 20:30:57 Europe/Berlin] Prepared statement update result: 1 rows affected
[17-Sep-2025 20:30:57 Europe/Berlin] Timestamp updated for card ID 3 within the main query
[17-Sep-2025 20:30:57 Europe/Berlin] Successfully updated card ID 3
[17-Sep-2025 20:30:57 Europe/Berlin] POST Action: update_card
[17-Sep-2025 20:30:57 Europe/Berlin] POST Data: {"action":"update_card","card_id":"3","card":{"position":"3","is_active":"1","badge":"BSIT","title":"B.S. in Information Technology","title_muted":"","slug":"bsit","learn_more_url":"","learn_more_external":"0","curriculum_url":"","curriculum_external":"0","apply_url":""}}
[17-Sep-2025 20:30:57 Europe/Berlin] Processing card update. Timestamp: 2025-09-17T20:30:57+02:00, Force update: No, AJAX: No
[17-Sep-2025 20:30:57 Europe/Berlin] Updating card ID: 3 with data: {"position":"3","is_active":"1","badge":"BSIT","title":"B.S. in Information Technology","title_muted":"","slug":"bsit","learn_more_url":"","learn_more_external":"0","curriculum_url":"","curriculum_external":"0","apply_url":""}
[17-Sep-2025 20:30:57 Europe/Berlin] Starting update for card ID 3 with data: {"position":"3","is_active":"1","badge":"BSIT","title":"B.S. in Information Technology","title_muted":"","slug":"bsit","learn_more_url":"","learn_more_external":"0","curriculum_url":"","curriculum_external":"0","apply_url":"","_force_update":true}
[17-Sep-2025 20:30:57 Europe/Berlin] Found existing card: {"id":3,"is_active":1,"position":3,"slug":"bsit","badge":"BSIT","title":"B.S. in Information Technology","title_muted":null,"summary":"fsdfds","pillbox_title":"Tracks","pills":"gdgdfggdgdfgdfg","learn_more_url":null,"learn_more_external":0,"curriculum_url":null,"curriculum_external":0,"apply_url":null,"created_at":"2025-09-12 14:04:49","updated_at":"2025-09-18 02:30:57"}
[17-Sep-2025 20:30:57 Europe/Berlin] Executing UPDATE SQL: UPDATE ug_cards
               SET is_active = :act,
                   position = :pos,
                   slug = :slug,
                   badge = :badge,
                   title = :title,
                   title_muted = :muted,
                   summary = :summary,
                   pillbox_title = :pill_t,
                   pills = :pills,
                   learn_more_url = :lm_url,
                   learn_more_external = :lm_ext,
                   curriculum_url = :cur_url,
                   curriculum_external = :cur_ext,
                   apply_url = :apply
             WHERE id = :id
[17-Sep-2025 20:30:57 Europe/Berlin] Prepared statement update result: 0 rows affected
[17-Sep-2025 20:30:57 Europe/Berlin] Timestamp updated for card ID 3 within the main query
[17-Sep-2025 20:30:57 Europe/Berlin] No rows were affected. This could mean no changes were made or there was an issue.
[17-Sep-2025 20:30:57 Europe/Berlin] Card exists but no changes were made - data might be identical
[17-Sep-2025 20:30:57 Europe/Berlin] Card update completed for ID: 3 Success: Yes
[17-Sep-2025 20:30:57 Europe/Berlin] Result details: {"success":true,"rows_affected":0,"message":"Card data updated successfully","card_id":3,"updated_data":{"id":3,"is_active":1,"position":3,"slug":"bsit","badge":"BSIT","title":"B.S. in Information Technology","title_muted":null,"summary":"fsdfds","pillbox_title":"Tracks","pills":"gdgdfggdgdfgdfg","learn_more_url":null,"learn_more_external":0,"curriculum_url":null,"curriculum_external":0,"apply_url":null},"updated_record":{"id":3,"is_active":1,"position":3,"slug":"bsit","badge":"BSIT","title":"B.S. in Information Technology","title_muted":null,"summary":"fsdfds","pillbox_title":"Tracks","pills":"gdgdfggdgdfgdfg","learn_more_url":null,"learn_more_external":0,"curriculum_url":null,"curriculum_external":0,"apply_url":null,"created_at":"2025-09-12 14:04:49","updated_at":"2025-09-18 02:30:57"}}
[17-Sep-2025 20:31:04 Europe/Berlin] Starting update for card ID 3 with data: {"position":"3","is_active":"1","badge":"BSIT","title":"B.S. in Information Technology","title_muted":"","slug":"bsit","learn_more_url":"","learn_more_external":"0","curriculum_url":"","curriculum_external":"0","apply_url":""}
[17-Sep-2025 20:31:04 Europe/Berlin] Found existing card: {"id":3,"is_active":1,"position":3,"slug":"bsit","badge":"BSIT","title":"B.S. in Information Technology","title_muted":null,"summary":"fsdfds","pillbox_title":"Tracks","pills":"gdgdfggdgdfgdfg","learn_more_url":null,"learn_more_external":0,"curriculum_url":null,"curriculum_external":0,"apply_url":null,"created_at":"2025-09-12 14:04:49","updated_at":"2025-09-18 02:30:57"}
[17-Sep-2025 20:31:04 Europe/Berlin] Executing UPDATE SQL: UPDATE ug_cards
               SET is_active = :act,
                   position = :pos,
                   slug = :slug,
                   badge = :badge,
                   title = :title,
                   title_muted = :muted,
                   summary = :summary,
                   pillbox_title = :pill_t,
                   pills = :pills,
                   learn_more_url = :lm_url,
                   learn_more_external = :lm_ext,
                   curriculum_url = :cur_url,
                   curriculum_external = :cur_ext,
                   apply_url = :apply
             WHERE id = :id
[17-Sep-2025 20:31:04 Europe/Berlin] Prepared statement update result: 1 rows affected
[17-Sep-2025 20:31:04 Europe/Berlin] Timestamp updated for card ID 3 within the main query
[17-Sep-2025 20:31:04 Europe/Berlin] Successfully updated card ID 3
[17-Sep-2025 20:31:04 Europe/Berlin] POST Action: update_card
[17-Sep-2025 20:31:04 Europe/Berlin] POST Data: {"action":"update_card","card_id":"3","card":{"position":"3","is_active":"1","badge":"BSIT","title":"B.S. in Information Technology","title_muted":"","slug":"bsit","learn_more_url":"","learn_more_external":"0","curriculum_url":"","curriculum_external":"0","apply_url":""}}
[17-Sep-2025 20:31:04 Europe/Berlin] Processing card update. Timestamp: 2025-09-17T20:31:04+02:00, Force update: No, AJAX: No
[17-Sep-2025 20:31:04 Europe/Berlin] Updating card ID: 3 with data: {"position":"3","is_active":"1","badge":"BSIT","title":"B.S. in Information Technology","title_muted":"","slug":"bsit","learn_more_url":"","learn_more_external":"0","curriculum_url":"","curriculum_external":"0","apply_url":""}
[17-Sep-2025 20:31:04 Europe/Berlin] Starting update for card ID 3 with data: {"position":"3","is_active":"1","badge":"BSIT","title":"B.S. in Information Technology","title_muted":"","slug":"bsit","learn_more_url":"","learn_more_external":"0","curriculum_url":"","curriculum_external":"0","apply_url":"","_force_update":true}
[17-Sep-2025 20:31:04 Europe/Berlin] Found existing card: {"id":3,"is_active":1,"position":3,"slug":"bsit","badge":"BSIT","title":"B.S. in Information Technology","title_muted":null,"summary":"fsdfds","pillbox_title":"Tracks","pills":"gdgdfggdgdfgdfg","learn_more_url":null,"learn_more_external":0,"curriculum_url":null,"curriculum_external":0,"apply_url":null,"created_at":"2025-09-12 14:04:49","updated_at":"2025-09-18 02:31:04"}
[17-Sep-2025 20:31:04 Europe/Berlin] Executing UPDATE SQL: UPDATE ug_cards
               SET is_active = :act,
                   position = :pos,
                   slug = :slug,
                   badge = :badge,
                   title = :title,
                   title_muted = :muted,
                   summary = :summary,
                   pillbox_title = :pill_t,
                   pills = :pills,
                   learn_more_url = :lm_url,
                   learn_more_external = :lm_ext,
                   curriculum_url = :cur_url,
                   curriculum_external = :cur_ext,
                   apply_url = :apply
             WHERE id = :id
[17-Sep-2025 20:31:04 Europe/Berlin] Prepared statement update result: 0 rows affected
[17-Sep-2025 20:31:04 Europe/Berlin] Timestamp updated for card ID 3 within the main query
[17-Sep-2025 20:31:04 Europe/Berlin] No rows were affected. This could mean no changes were made or there was an issue.
[17-Sep-2025 20:31:04 Europe/Berlin] Card exists but no changes were made - data might be identical
[17-Sep-2025 20:31:04 Europe/Berlin] Card update completed for ID: 3 Success: Yes
[17-Sep-2025 20:31:04 Europe/Berlin] Result details: {"success":true,"rows_affected":0,"message":"Card data updated successfully","card_id":3,"updated_data":{"id":3,"is_active":1,"position":3,"slug":"bsit","badge":"BSIT","title":"B.S. in Information Technology","title_muted":null,"summary":"fsdfds","pillbox_title":"Tracks","pills":"gdgdfggdgdfgdfg","learn_more_url":null,"learn_more_external":0,"curriculum_url":null,"curriculum_external":0,"apply_url":null},"updated_record":{"id":3,"is_active":1,"position":3,"slug":"bsit","badge":"BSIT","title":"B.S. in Information Technology","title_muted":null,"summary":"fsdfds","pillbox_title":"Tracks","pills":"gdgdfggdgdfgdfg","learn_more_url":null,"learn_more_external":0,"curriculum_url":null,"curriculum_external":0,"apply_url":null,"created_at":"2025-09-12 14:04:49","updated_at":"2025-09-18 02:31:04"}}
[17-Sep-2025 20:31:11 Europe/Berlin] Starting update for card ID 3 with data: {"summary":"fsdfds","pillbox_title":"Tracks","pills":"Consumer Enterprise & Enterprise Application Development\r\nGame Development\r\nNetwork Infrastructure & Network Security"}
[17-Sep-2025 20:31:11 Europe/Berlin] Found existing card: {"id":3,"is_active":1,"position":3,"slug":"bsit","badge":"BSIT","title":"B.S. in Information Technology","title_muted":null,"summary":"fsdfds","pillbox_title":"Tracks","pills":"gdgdfggdgdfgdfg","learn_more_url":null,"learn_more_external":0,"curriculum_url":null,"curriculum_external":0,"apply_url":null,"created_at":"2025-09-12 14:04:49","updated_at":"2025-09-18 02:31:04"}
[17-Sep-2025 20:31:11 Europe/Berlin] Executing UPDATE SQL: UPDATE ug_cards
               SET is_active = :act,
                   position = :pos,
                   slug = :slug,
                   badge = :badge,
                   title = :title,
                   title_muted = :muted,
                   summary = :summary,
                   pillbox_title = :pill_t,
                   pills = :pills,
                   learn_more_url = :lm_url,
                   learn_more_external = :lm_ext,
                   curriculum_url = :cur_url,
                   curriculum_external = :cur_ext,
                   apply_url = :apply
             WHERE id = :id
[17-Sep-2025 20:31:11 Europe/Berlin] Prepared statement update result: 1 rows affected
[17-Sep-2025 20:31:11 Europe/Berlin] Timestamp updated for card ID 3 within the main query
[17-Sep-2025 20:31:11 Europe/Berlin] Successfully updated card ID 3
[17-Sep-2025 20:31:11 Europe/Berlin] POST Action: update_card
[17-Sep-2025 20:31:11 Europe/Berlin] POST Data: {"action":"update_card","card_id":"3","card":{"summary":"fsdfds","pillbox_title":"Tracks","pills":"Consumer Enterprise & Enterprise Application Development\r\nGame Development\r\nNetwork Infrastructure & Network Security"},"debug_timestamp":"2025-09-17T18:31:11.347Z","force_update":"1"}
[17-Sep-2025 20:31:11 Europe/Berlin] Processing card update. Timestamp: 2025-09-17T18:31:11.347Z, Force update: Yes, AJAX: Yes
[17-Sep-2025 20:31:11 Europe/Berlin] Updating card ID: 3 with data: {"summary":"fsdfds","pillbox_title":"Tracks","pills":"Consumer Enterprise & Enterprise Application Development\r\nGame Development\r\nNetwork Infrastructure & Network Security"}
[17-Sep-2025 20:31:11 Europe/Berlin] Force update flag enabled
[17-Sep-2025 20:31:11 Europe/Berlin] Starting update for card ID 3 with data: {"summary":"fsdfds","pillbox_title":"Tracks","pills":"Consumer Enterprise & Enterprise Application Development\r\nGame Development\r\nNetwork Infrastructure & Network Security","_force_update":true}
[17-Sep-2025 20:31:11 Europe/Berlin] Found existing card: {"id":3,"is_active":1,"position":3,"slug":"bsit","badge":"BSIT","title":"B.S. in Information Technology","title_muted":null,"summary":"fsdfds","pillbox_title":"Tracks","pills":"Consumer Enterprise & Enterprise Application Development\nGame Development\nNetwork Infrastructure & Network Security","learn_more_url":null,"learn_more_external":0,"curriculum_url":null,"curriculum_external":0,"apply_url":null,"created_at":"2025-09-12 14:04:49","updated_at":"2025-09-18 02:31:11"}
[17-Sep-2025 20:31:11 Europe/Berlin] Executing UPDATE SQL: UPDATE ug_cards
               SET is_active = :act,
                   position = :pos,
                   slug = :slug,
                   badge = :badge,
                   title = :title,
                   title_muted = :muted,
                   summary = :summary,
                   pillbox_title = :pill_t,
                   pills = :pills,
                   learn_more_url = :lm_url,
                   learn_more_external = :lm_ext,
                   curriculum_url = :cur_url,
                   curriculum_external = :cur_ext,
                   apply_url = :apply
             WHERE id = :id
[17-Sep-2025 20:31:11 Europe/Berlin] Prepared statement update result: 0 rows affected
[17-Sep-2025 20:31:11 Europe/Berlin] Timestamp updated for card ID 3 within the main query
[17-Sep-2025 20:31:11 Europe/Berlin] No rows were affected. This could mean no changes were made or there was an issue.
[17-Sep-2025 20:31:11 Europe/Berlin] Card exists but no changes were made - data might be identical
[17-Sep-2025 20:31:11 Europe/Berlin] Card update completed for ID: 3 Success: Yes
[17-Sep-2025 20:31:11 Europe/Berlin] Result details: {"success":true,"rows_affected":0,"message":"Card data updated successfully","card_id":3,"updated_data":{"id":3,"is_active":1,"position":3,"slug":"bsit","badge":"BSIT","title":"B.S. in Information Technology","title_muted":null,"summary":"fsdfds","pillbox_title":"Tracks","pills":"Consumer Enterprise & Enterprise Application Development\nGame Development\nNetwork Infrastructure & Network Security","learn_more_url":null,"learn_more_external":0,"curriculum_url":null,"curriculum_external":0,"apply_url":null},"updated_record":{"id":3,"is_active":1,"position":3,"slug":"bsit","badge":"BSIT","title":"B.S. in Information Technology","title_muted":null,"summary":"fsdfds","pillbox_title":"Tracks","pills":"Consumer Enterprise & Enterprise Application Development\nGame Development\nNetwork Infrastructure & Network Security","learn_more_url":null,"learn_more_external":0,"curriculum_url":null,"curriculum_external":0,"apply_url":null,"created_at":"2025-09-12 14:04:49","updated_at":"2025-09-18 02:31:11"}}
[17-Sep-2025 20:31:14 Europe/Berlin] Starting update for card ID 3 with data: {"position":"3","is_active":"1","badge":"BSIT","title":"B.S. in Information Technology","title_muted":"","slug":"bsit","learn_more_url":"","learn_more_external":"0","curriculum_url":"","curriculum_external":"0","apply_url":""}
[17-Sep-2025 20:31:14 Europe/Berlin] Found existing card: {"id":3,"is_active":1,"position":3,"slug":"bsit","badge":"BSIT","title":"B.S. in Information Technology","title_muted":null,"summary":"fsdfds","pillbox_title":"Tracks","pills":"Consumer Enterprise & Enterprise Application Development\nGame Development\nNetwork Infrastructure & Network Security","learn_more_url":null,"learn_more_external":0,"curriculum_url":null,"curriculum_external":0,"apply_url":null,"created_at":"2025-09-12 14:04:49","updated_at":"2025-09-18 02:31:11"}
[17-Sep-2025 20:31:14 Europe/Berlin] Executing UPDATE SQL: UPDATE ug_cards
               SET is_active = :act,
                   position = :pos,
                   slug = :slug,
                   badge = :badge,
                   title = :title,
                   title_muted = :muted,
                   summary = :summary,
                   pillbox_title = :pill_t,
                   pills = :pills,
                   learn_more_url = :lm_url,
                   learn_more_external = :lm_ext,
                   curriculum_url = :cur_url,
                   curriculum_external = :cur_ext,
                   apply_url = :apply
             WHERE id = :id
[17-Sep-2025 20:31:14 Europe/Berlin] Prepared statement update result: 1 rows affected
[17-Sep-2025 20:31:14 Europe/Berlin] Timestamp updated for card ID 3 within the main query
[17-Sep-2025 20:31:14 Europe/Berlin] Successfully updated card ID 3
[17-Sep-2025 20:31:14 Europe/Berlin] POST Action: update_card
[17-Sep-2025 20:31:14 Europe/Berlin] POST Data: {"action":"update_card","card_id":"3","card":{"position":"3","is_active":"1","badge":"BSIT","title":"B.S. in Information Technology","title_muted":"","slug":"bsit","learn_more_url":"","learn_more_external":"0","curriculum_url":"","curriculum_external":"0","apply_url":""}}
[17-Sep-2025 20:31:14 Europe/Berlin] Processing card update. Timestamp: 2025-09-17T20:31:14+02:00, Force update: No, AJAX: No
[17-Sep-2025 20:31:14 Europe/Berlin] Updating card ID: 3 with data: {"position":"3","is_active":"1","badge":"BSIT","title":"B.S. in Information Technology","title_muted":"","slug":"bsit","learn_more_url":"","learn_more_external":"0","curriculum_url":"","curriculum_external":"0","apply_url":""}
[17-Sep-2025 20:31:14 Europe/Berlin] Starting update for card ID 3 with data: {"position":"3","is_active":"1","badge":"BSIT","title":"B.S. in Information Technology","title_muted":"","slug":"bsit","learn_more_url":"","learn_more_external":"0","curriculum_url":"","curriculum_external":"0","apply_url":"","_force_update":true}
[17-Sep-2025 20:31:14 Europe/Berlin] Found existing card: {"id":3,"is_active":1,"position":3,"slug":"bsit","badge":"BSIT","title":"B.S. in Information Technology","title_muted":null,"summary":"fsdfds","pillbox_title":"Tracks","pills":"Consumer Enterprise & Enterprise Application Development\nGame Development\nNetwork Infrastructure & Network Security","learn_more_url":null,"learn_more_external":0,"curriculum_url":null,"curriculum_external":0,"apply_url":null,"created_at":"2025-09-12 14:04:49","updated_at":"2025-09-18 02:31:14"}
[17-Sep-2025 20:31:14 Europe/Berlin] Executing UPDATE SQL: UPDATE ug_cards
               SET is_active = :act,
                   position = :pos,
                   slug = :slug,
                   badge = :badge,
                   title = :title,
                   title_muted = :muted,
                   summary = :summary,
                   pillbox_title = :pill_t,
                   pills = :pills,
                   learn_more_url = :lm_url,
                   learn_more_external = :lm_ext,
                   curriculum_url = :cur_url,
                   curriculum_external = :cur_ext,
                   apply_url = :apply
             WHERE id = :id
[17-Sep-2025 20:31:14 Europe/Berlin] Prepared statement update result: 0 rows affected
[17-Sep-2025 20:31:14 Europe/Berlin] Timestamp updated for card ID 3 within the main query
[17-Sep-2025 20:31:14 Europe/Berlin] No rows were affected. This could mean no changes were made or there was an issue.
[17-Sep-2025 20:31:14 Europe/Berlin] Card exists but no changes were made - data might be identical
[17-Sep-2025 20:31:14 Europe/Berlin] Card update completed for ID: 3 Success: Yes
[17-Sep-2025 20:31:14 Europe/Berlin] Result details: {"success":true,"rows_affected":0,"message":"Card data updated successfully","card_id":3,"updated_data":{"id":3,"is_active":1,"position":3,"slug":"bsit","badge":"BSIT","title":"B.S. in Information Technology","title_muted":null,"summary":"fsdfds","pillbox_title":"Tracks","pills":"Consumer Enterprise & Enterprise Application Development\nGame Development\nNetwork Infrastructure & Network Security","learn_more_url":null,"learn_more_external":0,"curriculum_url":null,"curriculum_external":0,"apply_url":null},"updated_record":{"id":3,"is_active":1,"position":3,"slug":"bsit","badge":"BSIT","title":"B.S. in Information Technology","title_muted":null,"summary":"fsdfds","pillbox_title":"Tracks","pills":"Consumer Enterprise & Enterprise Application Development\nGame Development\nNetwork Infrastructure & Network Security","learn_more_url":null,"learn_more_external":0,"curriculum_url":null,"curriculum_external":0,"apply_url":null,"created_at":"2025-09-12 14:04:49","updated_at":"2025-09-18 02:31:14"}}
[17-Sep-2025 20:33:05 Europe/Berlin] Starting update for card ID 1 with data: {"summary":"Strong foundations in algorithms, software engineering, and intelligent systems.","pillbox_title":"Tracks","pills":"Data Science\r\nWeb Science\r\nComputer Vision"}
[17-Sep-2025 20:33:05 Europe/Berlin] Found existing card: {"id":1,"is_active":1,"position":1,"slug":"bscs","badge":"BSCS","title":"B.S. in Computer Science","title_muted":"(Software & Data)","summary":"Strong foundations in algorithms, software engineering, and intelligent systems.","pillbox_title":"Tracks","pills":"Software Engineering\nData Science & AI\nHigh-Performance Computing","learn_more_url":"\/adamson-ccit\/public\/index.php?page=programs_undergraduate#bscs","learn_more_external":0,"curriculum_url":"https:\/\/www.adamson.edu.ph\/","curriculum_external":1,"apply_url":"\/adamson-ccit\/public\/index.php?page=admission_freshman","created_at":"2025-09-12 14:04:49","updated_at":"2025-09-12 14:04:49"}
[17-Sep-2025 20:33:05 Europe/Berlin] Executing UPDATE SQL: UPDATE ug_cards
               SET is_active = :act,
                   position = :pos,
                   slug = :slug,
                   badge = :badge,
                   title = :title,
                   title_muted = :muted,
                   summary = :summary,
                   pillbox_title = :pill_t,
                   pills = :pills,
                   learn_more_url = :lm_url,
                   learn_more_external = :lm_ext,
                   curriculum_url = :cur_url,
                   curriculum_external = :cur_ext,
                   apply_url = :apply
             WHERE id = :id
[17-Sep-2025 20:33:05 Europe/Berlin] Prepared statement update result: 1 rows affected
[17-Sep-2025 20:33:05 Europe/Berlin] Timestamp updated for card ID 1 within the main query
[17-Sep-2025 20:33:05 Europe/Berlin] Successfully updated card ID 1
[17-Sep-2025 20:33:05 Europe/Berlin] POST Action: update_card
[17-Sep-2025 20:33:05 Europe/Berlin] POST Data: {"action":"update_card","card_id":"1","card":{"summary":"Strong foundations in algorithms, software engineering, and intelligent systems.","pillbox_title":"Tracks","pills":"Data Science\r\nWeb Science\r\nComputer Vision"},"debug_timestamp":"2025-09-17T18:33:05.578Z","force_update":"1"}
[17-Sep-2025 20:33:05 Europe/Berlin] Processing card update. Timestamp: 2025-09-17T18:33:05.578Z, Force update: Yes, AJAX: Yes
[17-Sep-2025 20:33:05 Europe/Berlin] Updating card ID: 1 with data: {"summary":"Strong foundations in algorithms, software engineering, and intelligent systems.","pillbox_title":"Tracks","pills":"Data Science\r\nWeb Science\r\nComputer Vision"}
[17-Sep-2025 20:33:05 Europe/Berlin] Force update flag enabled
[17-Sep-2025 20:33:05 Europe/Berlin] Starting update for card ID 1 with data: {"summary":"Strong foundations in algorithms, software engineering, and intelligent systems.","pillbox_title":"Tracks","pills":"Data Science\r\nWeb Science\r\nComputer Vision","_force_update":true}
[17-Sep-2025 20:33:05 Europe/Berlin] Found existing card: {"id":1,"is_active":1,"position":1,"slug":"bscs","badge":"BSCS","title":"B.S. in Computer Science","title_muted":"(Software & Data)","summary":"Strong foundations in algorithms, software engineering, and intelligent systems.","pillbox_title":"Tracks","pills":"Data Science\nWeb Science\nComputer Vision","learn_more_url":"\/adamson-ccit\/public\/index.php?page=programs_undergraduate#bscs","learn_more_external":0,"curriculum_url":"https:\/\/www.adamson.edu.ph\/","curriculum_external":1,"apply_url":"\/adamson-ccit\/public\/index.php?page=admission_freshman","created_at":"2025-09-12 14:04:49","updated_at":"2025-09-18 02:33:05"}
[17-Sep-2025 20:33:05 Europe/Berlin] Executing UPDATE SQL: UPDATE ug_cards
               SET is_active = :act,
                   position = :pos,
                   slug = :slug,
                   badge = :badge,
                   title = :title,
                   title_muted = :muted,
                   summary = :summary,
                   pillbox_title = :pill_t,
                   pills = :pills,
                   learn_more_url = :lm_url,
                   learn_more_external = :lm_ext,
                   curriculum_url = :cur_url,
                   curriculum_external = :cur_ext,
                   apply_url = :apply
             WHERE id = :id
[17-Sep-2025 20:33:05 Europe/Berlin] Prepared statement update result: 0 rows affected
[17-Sep-2025 20:33:05 Europe/Berlin] Timestamp updated for card ID 1 within the main query
[17-Sep-2025 20:33:05 Europe/Berlin] No rows were affected. This could mean no changes were made or there was an issue.
[17-Sep-2025 20:33:05 Europe/Berlin] Card exists but no changes were made - data might be identical
[17-Sep-2025 20:33:05 Europe/Berlin] Card update completed for ID: 1 Success: Yes
[17-Sep-2025 20:33:05 Europe/Berlin] Result details: {"success":true,"rows_affected":0,"message":"Card data updated successfully","card_id":1,"updated_data":{"id":1,"is_active":1,"position":1,"slug":"bscs","badge":"BSCS","title":"B.S. in Computer Science","title_muted":"(Software & Data)","summary":"Strong foundations in algorithms, software engineering, and intelligent systems.","pillbox_title":"Tracks","pills":"Data Science\nWeb Science\nComputer Vision","learn_more_url":"\/adamson-ccit\/public\/index.php?page=programs_undergraduate#bscs","learn_more_external":0,"curriculum_url":"https:\/\/www.adamson.edu.ph\/","curriculum_external":1,"apply_url":"\/adamson-ccit\/public\/index.php?page=admission_freshman"},"updated_record":{"id":1,"is_active":1,"position":1,"slug":"bscs","badge":"BSCS","title":"B.S. in Computer Science","title_muted":"(Software & Data)","summary":"Strong foundations in algorithms, software engineering, and intelligent systems.","pillbox_title":"Tracks","pills":"Data Science\nWeb Science\nComputer Vision","learn_more_url":"\/adamson-ccit\/public\/index.php?page=programs_undergraduate#bscs","learn_more_external":0,"curriculum_url":"https:\/\/www.adamson.edu.ph\/","curriculum_external":1,"apply_url":"\/adamson-ccit\/public\/index.php?page=admission_freshman","created_at":"2025-09-12 14:04:49","updated_at":"2025-09-18 02:33:05"}}
[17-Sep-2025 20:33:10 Europe/Berlin] Starting update for card ID 1 with data: {"position":"1","is_active":"1","badge":"BSCS","title":"B.S. in Computer Science","title_muted":"","slug":"bscs","learn_more_url":"\/adamson-ccit\/public\/index.php?page=programs_undergraduate#bscs","learn_more_external":"0","curriculum_url":"https:\/\/www.adamson.edu.ph\/","curriculum_external":"1","apply_url":"\/adamson-ccit\/public\/index.php?page=admission_freshman"}
[17-Sep-2025 20:33:10 Europe/Berlin] Found existing card: {"id":1,"is_active":1,"position":1,"slug":"bscs","badge":"BSCS","title":"B.S. in Computer Science","title_muted":"(Software & Data)","summary":"Strong foundations in algorithms, software engineering, and intelligent systems.","pillbox_title":"Tracks","pills":"Data Science\nWeb Science\nComputer Vision","learn_more_url":"\/adamson-ccit\/public\/index.php?page=programs_undergraduate#bscs","learn_more_external":0,"curriculum_url":"https:\/\/www.adamson.edu.ph\/","curriculum_external":1,"apply_url":"\/adamson-ccit\/public\/index.php?page=admission_freshman","created_at":"2025-09-12 14:04:49","updated_at":"2025-09-18 02:33:05"}
[17-Sep-2025 20:33:10 Europe/Berlin] Executing UPDATE SQL: UPDATE ug_cards
               SET is_active = :act,
                   position = :pos,
                   slug = :slug,
                   badge = :badge,
                   title = :title,
                   title_muted = :muted,
                   summary = :summary,
                   pillbox_title = :pill_t,
                   pills = :pills,
                   learn_more_url = :lm_url,
                   learn_more_external = :lm_ext,
                   curriculum_url = :cur_url,
                   curriculum_external = :cur_ext,
                   apply_url = :apply
             WHERE id = :id
[17-Sep-2025 20:33:10 Europe/Berlin] Prepared statement update result: 1 rows affected
[17-Sep-2025 20:33:10 Europe/Berlin] Timestamp updated for card ID 1 within the main query
[17-Sep-2025 20:33:10 Europe/Berlin] Successfully updated card ID 1
[17-Sep-2025 20:33:10 Europe/Berlin] POST Action: update_card
[17-Sep-2025 20:33:10 Europe/Berlin] POST Data: {"action":"update_card","card_id":"1","card":{"position":"1","is_active":"1","badge":"BSCS","title":"B.S. in Computer Science","title_muted":"","slug":"bscs","learn_more_url":"\/adamson-ccit\/public\/index.php?page=programs_undergraduate#bscs","learn_more_external":"0","curriculum_url":"https:\/\/www.adamson.edu.ph\/","curriculum_external":"1","apply_url":"\/adamson-ccit\/public\/index.php?page=admission_freshman"}}
[17-Sep-2025 20:33:10 Europe/Berlin] Processing card update. Timestamp: 2025-09-17T20:33:10+02:00, Force update: No, AJAX: No
[17-Sep-2025 20:33:10 Europe/Berlin] Updating card ID: 1 with data: {"position":"1","is_active":"1","badge":"BSCS","title":"B.S. in Computer Science","title_muted":"","slug":"bscs","learn_more_url":"\/adamson-ccit\/public\/index.php?page=programs_undergraduate#bscs","learn_more_external":"0","curriculum_url":"https:\/\/www.adamson.edu.ph\/","curriculum_external":"1","apply_url":"\/adamson-ccit\/public\/index.php?page=admission_freshman"}
[17-Sep-2025 20:33:10 Europe/Berlin] Starting update for card ID 1 with data: {"position":"1","is_active":"1","badge":"BSCS","title":"B.S. in Computer Science","title_muted":"","slug":"bscs","learn_more_url":"\/adamson-ccit\/public\/index.php?page=programs_undergraduate#bscs","learn_more_external":"0","curriculum_url":"https:\/\/www.adamson.edu.ph\/","curriculum_external":"1","apply_url":"\/adamson-ccit\/public\/index.php?page=admission_freshman","_force_update":true}
[17-Sep-2025 20:33:10 Europe/Berlin] Found existing card: {"id":1,"is_active":1,"position":1,"slug":"bscs","badge":"BSCS","title":"B.S. in Computer Science","title_muted":null,"summary":"Strong foundations in algorithms, software engineering, and intelligent systems.","pillbox_title":"Tracks","pills":"Data Science\nWeb Science\nComputer Vision","learn_more_url":"\/adamson-ccit\/public\/index.php?page=programs_undergraduate#bscs","learn_more_external":0,"curriculum_url":"https:\/\/www.adamson.edu.ph\/","curriculum_external":1,"apply_url":"\/adamson-ccit\/public\/index.php?page=admission_freshman","created_at":"2025-09-12 14:04:49","updated_at":"2025-09-18 02:33:10"}
[17-Sep-2025 20:33:10 Europe/Berlin] Executing UPDATE SQL: UPDATE ug_cards
               SET is_active = :act,
                   position = :pos,
                   slug = :slug,
                   badge = :badge,
                   title = :title,
                   title_muted = :muted,
                   summary = :summary,
                   pillbox_title = :pill_t,
                   pills = :pills,
                   learn_more_url = :lm_url,
                   learn_more_external = :lm_ext,
                   curriculum_url = :cur_url,
                   curriculum_external = :cur_ext,
                   apply_url = :apply
             WHERE id = :id
[17-Sep-2025 20:33:10 Europe/Berlin] Prepared statement update result: 0 rows affected
[17-Sep-2025 20:33:10 Europe/Berlin] Timestamp updated for card ID 1 within the main query
[17-Sep-2025 20:33:10 Europe/Berlin] No rows were affected. This could mean no changes were made or there was an issue.
[17-Sep-2025 20:33:10 Europe/Berlin] Card exists but no changes were made - data might be identical
[17-Sep-2025 20:33:10 Europe/Berlin] Card update completed for ID: 1 Success: Yes
[17-Sep-2025 20:33:10 Europe/Berlin] Result details: {"success":true,"rows_affected":0,"message":"Card data updated successfully","card_id":1,"updated_data":{"id":1,"is_active":1,"position":1,"slug":"bscs","badge":"BSCS","title":"B.S. in Computer Science","title_muted":null,"summary":"Strong foundations in algorithms, software engineering, and intelligent systems.","pillbox_title":"Tracks","pills":"Data Science\nWeb Science\nComputer Vision","learn_more_url":"\/adamson-ccit\/public\/index.php?page=programs_undergraduate#bscs","learn_more_external":0,"curriculum_url":"https:\/\/www.adamson.edu.ph\/","curriculum_external":1,"apply_url":"\/adamson-ccit\/public\/index.php?page=admission_freshman"},"updated_record":{"id":1,"is_active":1,"position":1,"slug":"bscs","badge":"BSCS","title":"B.S. in Computer Science","title_muted":null,"summary":"Strong foundations in algorithms, software engineering, and intelligent systems.","pillbox_title":"Tracks","pills":"Data Science\nWeb Science\nComputer Vision","learn_more_url":"\/adamson-ccit\/public\/index.php?page=programs_undergraduate#bscs","learn_more_external":0,"curriculum_url":"https:\/\/www.adamson.edu.ph\/","curriculum_external":1,"apply_url":"\/adamson-ccit\/public\/index.php?page=admission_freshman","created_at":"2025-09-12 14:04:49","updated_at":"2025-09-18 02:33:10"}}
[17-Sep-2025 20:33:52 Europe/Berlin] Starting update for card ID 2 with data: {"summary":"Bridges business processes with technology\u2014analytics, reporting, and systems design.","pillbox_title":"Tracks","pills":"Business Analytics"}
[17-Sep-2025 20:33:52 Europe/Berlin] Found existing card: {"id":2,"is_active":1,"position":2,"slug":"bsis","badge":"BSIS","title":"B.S. in Information Systems","title_muted":"(Business & Analytics)","summary":"Bridges business processes with technology\u2014analytics, reporting, and systems design.","pillbox_title":"Tracks","pills":"Business Analysis\nData & Reporting\nERP \/ CRM","learn_more_url":"\/adamson-ccit\/public\/index.php?page=programs_undergraduate#bsis","learn_more_external":0,"curriculum_url":"https:\/\/www.adamson.edu.ph\/","curriculum_external":1,"apply_url":"\/adamson-ccit\/public\/index.php?page=admission_freshman","created_at":"2025-09-12 14:04:49","updated_at":"2025-09-12 14:04:49"}
[17-Sep-2025 20:33:52 Europe/Berlin] Executing UPDATE SQL: UPDATE ug_cards
               SET is_active = :act,
                   position = :pos,
                   slug = :slug,
                   badge = :badge,
                   title = :title,
                   title_muted = :muted,
                   summary = :summary,
                   pillbox_title = :pill_t,
                   pills = :pills,
                   learn_more_url = :lm_url,
                   learn_more_external = :lm_ext,
                   curriculum_url = :cur_url,
                   curriculum_external = :cur_ext,
                   apply_url = :apply
             WHERE id = :id
[17-Sep-2025 20:33:52 Europe/Berlin] Prepared statement update result: 1 rows affected
[17-Sep-2025 20:33:52 Europe/Berlin] Timestamp updated for card ID 2 within the main query
[17-Sep-2025 20:33:52 Europe/Berlin] Successfully updated card ID 2
[17-Sep-2025 20:33:52 Europe/Berlin] POST Action: update_card
[17-Sep-2025 20:33:52 Europe/Berlin] POST Data: {"action":"update_card","card_id":"2","card":{"summary":"Bridges business processes with technology\u2014analytics, reporting, and systems design.","pillbox_title":"Tracks","pills":"Business Analytics"},"debug_timestamp":"2025-09-17T18:33:52.430Z","force_update":"1"}
[17-Sep-2025 20:33:52 Europe/Berlin] Processing card update. Timestamp: 2025-09-17T18:33:52.430Z, Force update: Yes, AJAX: Yes
[17-Sep-2025 20:33:52 Europe/Berlin] Updating card ID: 2 with data: {"summary":"Bridges business processes with technology\u2014analytics, reporting, and systems design.","pillbox_title":"Tracks","pills":"Business Analytics"}
[17-Sep-2025 20:33:52 Europe/Berlin] Force update flag enabled
[17-Sep-2025 20:33:52 Europe/Berlin] Starting update for card ID 2 with data: {"summary":"Bridges business processes with technology\u2014analytics, reporting, and systems design.","pillbox_title":"Tracks","pills":"Business Analytics","_force_update":true}
[17-Sep-2025 20:33:52 Europe/Berlin] Found existing card: {"id":2,"is_active":1,"position":2,"slug":"bsis","badge":"BSIS","title":"B.S. in Information Systems","title_muted":"(Business & Analytics)","summary":"Bridges business processes with technology\u2014analytics, reporting, and systems design.","pillbox_title":"Tracks","pills":"Business Analytics","learn_more_url":"\/adamson-ccit\/public\/index.php?page=programs_undergraduate#bsis","learn_more_external":0,"curriculum_url":"https:\/\/www.adamson.edu.ph\/","curriculum_external":1,"apply_url":"\/adamson-ccit\/public\/index.php?page=admission_freshman","created_at":"2025-09-12 14:04:49","updated_at":"2025-09-18 02:33:52"}
[17-Sep-2025 20:33:52 Europe/Berlin] Executing UPDATE SQL: UPDATE ug_cards
               SET is_active = :act,
                   position = :pos,
                   slug = :slug,
                   badge = :badge,
                   title = :title,
                   title_muted = :muted,
                   summary = :summary,
                   pillbox_title = :pill_t,
                   pills = :pills,
                   learn_more_url = :lm_url,
                   learn_more_external = :lm_ext,
                   curriculum_url = :cur_url,
                   curriculum_external = :cur_ext,
                   apply_url = :apply
             WHERE id = :id
[17-Sep-2025 20:33:52 Europe/Berlin] Prepared statement update result: 0 rows affected
[17-Sep-2025 20:33:52 Europe/Berlin] Timestamp updated for card ID 2 within the main query
[17-Sep-2025 20:33:52 Europe/Berlin] No rows were affected. This could mean no changes were made or there was an issue.
[17-Sep-2025 20:33:52 Europe/Berlin] Card exists but no changes were made - data might be identical
[17-Sep-2025 20:33:52 Europe/Berlin] Card update completed for ID: 2 Success: Yes
[17-Sep-2025 20:33:52 Europe/Berlin] Result details: {"success":true,"rows_affected":0,"message":"Card data updated successfully","card_id":2,"updated_data":{"id":2,"is_active":1,"position":2,"slug":"bsis","badge":"BSIS","title":"B.S. in Information Systems","title_muted":"(Business & Analytics)","summary":"Bridges business processes with technology\u2014analytics, reporting, and systems design.","pillbox_title":"Tracks","pills":"Business Analytics","learn_more_url":"\/adamson-ccit\/public\/index.php?page=programs_undergraduate#bsis","learn_more_external":0,"curriculum_url":"https:\/\/www.adamson.edu.ph\/","curriculum_external":1,"apply_url":"\/adamson-ccit\/public\/index.php?page=admission_freshman"},"updated_record":{"id":2,"is_active":1,"position":2,"slug":"bsis","badge":"BSIS","title":"B.S. in Information Systems","title_muted":"(Business & Analytics)","summary":"Bridges business processes with technology\u2014analytics, reporting, and systems design.","pillbox_title":"Tracks","pills":"Business Analytics","learn_more_url":"\/adamson-ccit\/public\/index.php?page=programs_undergraduate#bsis","learn_more_external":0,"curriculum_url":"https:\/\/www.adamson.edu.ph\/","curriculum_external":1,"apply_url":"\/adamson-ccit\/public\/index.php?page=admission_freshman","created_at":"2025-09-12 14:04:49","updated_at":"2025-09-18 02:33:52"}}
[17-Sep-2025 20:33:59 Europe/Berlin] Starting update for card ID 2 with data: {"position":"2","is_active":"1","badge":"BSIS","title":"B.S. in Information Systems","title_muted":"","slug":"bsis","learn_more_url":"\/adamson-ccit\/public\/index.php?page=programs_undergraduate#bsis","learn_more_external":"0","curriculum_url":"https:\/\/www.adamson.edu.ph\/","curriculum_external":"1","apply_url":"\/adamson-ccit\/public\/index.php?page=admission_freshman"}
[17-Sep-2025 20:33:59 Europe/Berlin] Found existing card: {"id":2,"is_active":1,"position":2,"slug":"bsis","badge":"BSIS","title":"B.S. in Information Systems","title_muted":"(Business & Analytics)","summary":"Bridges business processes with technology\u2014analytics, reporting, and systems design.","pillbox_title":"Tracks","pills":"Business Analytics","learn_more_url":"\/adamson-ccit\/public\/index.php?page=programs_undergraduate#bsis","learn_more_external":0,"curriculum_url":"https:\/\/www.adamson.edu.ph\/","curriculum_external":1,"apply_url":"\/adamson-ccit\/public\/index.php?page=admission_freshman","created_at":"2025-09-12 14:04:49","updated_at":"2025-09-18 02:33:52"}
[17-Sep-2025 20:33:59 Europe/Berlin] Executing UPDATE SQL: UPDATE ug_cards
               SET is_active = :act,
                   position = :pos,
                   slug = :slug,
                   badge = :badge,
                   title = :title,
                   title_muted = :muted,
                   summary = :summary,
                   pillbox_title = :pill_t,
                   pills = :pills,
                   learn_more_url = :lm_url,
                   learn_more_external = :lm_ext,
                   curriculum_url = :cur_url,
                   curriculum_external = :cur_ext,
                   apply_url = :apply
             WHERE id = :id
[17-Sep-2025 20:33:59 Europe/Berlin] Prepared statement update result: 1 rows affected
[17-Sep-2025 20:33:59 Europe/Berlin] Timestamp updated for card ID 2 within the main query
[17-Sep-2025 20:33:59 Europe/Berlin] Successfully updated card ID 2
[17-Sep-2025 20:33:59 Europe/Berlin] POST Action: update_card
[17-Sep-2025 20:33:59 Europe/Berlin] POST Data: {"action":"update_card","card_id":"2","card":{"position":"2","is_active":"1","badge":"BSIS","title":"B.S. in Information Systems","title_muted":"","slug":"bsis","learn_more_url":"\/adamson-ccit\/public\/index.php?page=programs_undergraduate#bsis","learn_more_external":"0","curriculum_url":"https:\/\/www.adamson.edu.ph\/","curriculum_external":"1","apply_url":"\/adamson-ccit\/public\/index.php?page=admission_freshman"}}
[17-Sep-2025 20:33:59 Europe/Berlin] Processing card update. Timestamp: 2025-09-17T20:33:59+02:00, Force update: No, AJAX: No
[17-Sep-2025 20:33:59 Europe/Berlin] Updating card ID: 2 with data: {"position":"2","is_active":"1","badge":"BSIS","title":"B.S. in Information Systems","title_muted":"","slug":"bsis","learn_more_url":"\/adamson-ccit\/public\/index.php?page=programs_undergraduate#bsis","learn_more_external":"0","curriculum_url":"https:\/\/www.adamson.edu.ph\/","curriculum_external":"1","apply_url":"\/adamson-ccit\/public\/index.php?page=admission_freshman"}
[17-Sep-2025 20:33:59 Europe/Berlin] Starting update for card ID 2 with data: {"position":"2","is_active":"1","badge":"BSIS","title":"B.S. in Information Systems","title_muted":"","slug":"bsis","learn_more_url":"\/adamson-ccit\/public\/index.php?page=programs_undergraduate#bsis","learn_more_external":"0","curriculum_url":"https:\/\/www.adamson.edu.ph\/","curriculum_external":"1","apply_url":"\/adamson-ccit\/public\/index.php?page=admission_freshman","_force_update":true}
[17-Sep-2025 20:33:59 Europe/Berlin] Found existing card: {"id":2,"is_active":1,"position":2,"slug":"bsis","badge":"BSIS","title":"B.S. in Information Systems","title_muted":null,"summary":"Bridges business processes with technology\u2014analytics, reporting, and systems design.","pillbox_title":"Tracks","pills":"Business Analytics","learn_more_url":"\/adamson-ccit\/public\/index.php?page=programs_undergraduate#bsis","learn_more_external":0,"curriculum_url":"https:\/\/www.adamson.edu.ph\/","curriculum_external":1,"apply_url":"\/adamson-ccit\/public\/index.php?page=admission_freshman","created_at":"2025-09-12 14:04:49","updated_at":"2025-09-18 02:33:59"}
[17-Sep-2025 20:33:59 Europe/Berlin] Executing UPDATE SQL: UPDATE ug_cards
               SET is_active = :act,
                   position = :pos,
                   slug = :slug,
                   badge = :badge,
                   title = :title,
                   title_muted = :muted,
                   summary = :summary,
                   pillbox_title = :pill_t,
                   pills = :pills,
                   learn_more_url = :lm_url,
                   learn_more_external = :lm_ext,
                   curriculum_url = :cur_url,
                   curriculum_external = :cur_ext,
                   apply_url = :apply
             WHERE id = :id
[17-Sep-2025 20:33:59 Europe/Berlin] Prepared statement update result: 0 rows affected
[17-Sep-2025 20:33:59 Europe/Berlin] Timestamp updated for card ID 2 within the main query
[17-Sep-2025 20:33:59 Europe/Berlin] No rows were affected. This could mean no changes were made or there was an issue.
[17-Sep-2025 20:33:59 Europe/Berlin] Card exists but no changes were made - data might be identical
[17-Sep-2025 20:33:59 Europe/Berlin] Card update completed for ID: 2 Success: Yes
[17-Sep-2025 20:33:59 Europe/Berlin] Result details: {"success":true,"rows_affected":0,"message":"Card data updated successfully","card_id":2,"updated_data":{"id":2,"is_active":1,"position":2,"slug":"bsis","badge":"BSIS","title":"B.S. in Information Systems","title_muted":null,"summary":"Bridges business processes with technology\u2014analytics, reporting, and systems design.","pillbox_title":"Tracks","pills":"Business Analytics","learn_more_url":"\/adamson-ccit\/public\/index.php?page=programs_undergraduate#bsis","learn_more_external":0,"curriculum_url":"https:\/\/www.adamson.edu.ph\/","curriculum_external":1,"apply_url":"\/adamson-ccit\/public\/index.php?page=admission_freshman"},"updated_record":{"id":2,"is_active":1,"position":2,"slug":"bsis","badge":"BSIS","title":"B.S. in Information Systems","title_muted":null,"summary":"Bridges business processes with technology\u2014analytics, reporting, and systems design.","pillbox_title":"Tracks","pills":"Business Analytics","learn_more_url":"\/adamson-ccit\/public\/index.php?page=programs_undergraduate#bsis","learn_more_external":0,"curriculum_url":"https:\/\/www.adamson.edu.ph\/","curriculum_external":1,"apply_url":"\/adamson-ccit\/public\/index.php?page=admission_freshman","created_at":"2025-09-12 14:04:49","updated_at":"2025-09-18 02:33:59"}}
[17-Sep-2025 20:39:37 Europe/Berlin] Starting update for card ID 3 with data: {"summary":"Practical foundations in software development, systems administration, and network security.","pillbox_title":"Tracks","pills":"Consumer Enterprise & Enterprise Application Development\r\nGame Development\r\nNetwork Infrastructure & Network Security"}
[17-Sep-2025 20:39:37 Europe/Berlin] Found existing card: {"id":3,"is_active":1,"position":3,"slug":"bsit","badge":"BSIT","title":"B.S. in Information Technology","title_muted":null,"summary":"fsdfds","pillbox_title":"Tracks","pills":"Consumer Enterprise & Enterprise Application Development\nGame Development\nNetwork Infrastructure & Network Security","learn_more_url":null,"learn_more_external":0,"curriculum_url":null,"curriculum_external":0,"apply_url":null,"created_at":"2025-09-12 14:04:49","updated_at":"2025-09-18 02:31:14"}
[17-Sep-2025 20:39:37 Europe/Berlin] Executing UPDATE SQL: UPDATE ug_cards
               SET is_active = :act,
                   position = :pos,
                   slug = :slug,
                   badge = :badge,
                   title = :title,
                   title_muted = :muted,
                   summary = :summary,
                   pillbox_title = :pill_t,
                   pills = :pills,
                   learn_more_url = :lm_url,
                   learn_more_external = :lm_ext,
                   curriculum_url = :cur_url,
                   curriculum_external = :cur_ext,
                   apply_url = :apply
             WHERE id = :id
[17-Sep-2025 20:39:37 Europe/Berlin] Prepared statement update result: 1 rows affected
[17-Sep-2025 20:39:37 Europe/Berlin] Timestamp updated for card ID 3 within the main query
[17-Sep-2025 20:39:37 Europe/Berlin] Successfully updated card ID 3
[17-Sep-2025 20:39:37 Europe/Berlin] POST Action: update_card
[17-Sep-2025 20:39:37 Europe/Berlin] POST Data: {"action":"update_card","card_id":"3","card":{"summary":"Practical foundations in software development, systems administration, and network security.","pillbox_title":"Tracks","pills":"Consumer Enterprise & Enterprise Application Development\r\nGame Development\r\nNetwork Infrastructure & Network Security"},"debug_timestamp":"2025-09-17T18:39:37.302Z","force_update":"1"}
[17-Sep-2025 20:39:37 Europe/Berlin] Processing card update. Timestamp: 2025-09-17T18:39:37.302Z, Force update: Yes, AJAX: Yes
[17-Sep-2025 20:39:37 Europe/Berlin] Updating card ID: 3 with data: {"summary":"Practical foundations in software development, systems administration, and network security.","pillbox_title":"Tracks","pills":"Consumer Enterprise & Enterprise Application Development\r\nGame Development\r\nNetwork Infrastructure & Network Security"}
[17-Sep-2025 20:39:37 Europe/Berlin] Force update flag enabled
[17-Sep-2025 20:39:37 Europe/Berlin] Starting update for card ID 3 with data: {"summary":"Practical foundations in software development, systems administration, and network security.","pillbox_title":"Tracks","pills":"Consumer Enterprise & Enterprise Application Development\r\nGame Development\r\nNetwork Infrastructure & Network Security","_force_update":true}
[17-Sep-2025 20:39:37 Europe/Berlin] Found existing card: {"id":3,"is_active":1,"position":3,"slug":"bsit","badge":"BSIT","title":"B.S. in Information Technology","title_muted":null,"summary":"Practical foundations in software development, systems administration, and network security.","pillbox_title":"Tracks","pills":"Consumer Enterprise & Enterprise Application Development\nGame Development\nNetwork Infrastructure & Network Security","learn_more_url":null,"learn_more_external":0,"curriculum_url":null,"curriculum_external":0,"apply_url":null,"created_at":"2025-09-12 14:04:49","updated_at":"2025-09-18 02:39:37"}
[17-Sep-2025 20:39:37 Europe/Berlin] Executing UPDATE SQL: UPDATE ug_cards
               SET is_active = :act,
                   position = :pos,
                   slug = :slug,
                   badge = :badge,
                   title = :title,
                   title_muted = :muted,
                   summary = :summary,
                   pillbox_title = :pill_t,
                   pills = :pills,
                   learn_more_url = :lm_url,
                   learn_more_external = :lm_ext,
                   curriculum_url = :cur_url,
                   curriculum_external = :cur_ext,
                   apply_url = :apply
             WHERE id = :id
[17-Sep-2025 20:39:37 Europe/Berlin] Prepared statement update result: 0 rows affected
[17-Sep-2025 20:39:37 Europe/Berlin] Timestamp updated for card ID 3 within the main query
[17-Sep-2025 20:39:37 Europe/Berlin] No rows were affected. This could mean no changes were made or there was an issue.
[17-Sep-2025 20:39:37 Europe/Berlin] Card exists but no changes were made - data might be identical
[17-Sep-2025 20:39:37 Europe/Berlin] Card update completed for ID: 3 Success: Yes
[17-Sep-2025 20:39:37 Europe/Berlin] Result details: {"success":true,"rows_affected":0,"message":"Card data updated successfully","card_id":3,"updated_data":{"id":3,"is_active":1,"position":3,"slug":"bsit","badge":"BSIT","title":"B.S. in Information Technology","title_muted":null,"summary":"Practical foundations in software development, systems administration, and network security.","pillbox_title":"Tracks","pills":"Consumer Enterprise & Enterprise Application Development\nGame Development\nNetwork Infrastructure & Network Security","learn_more_url":null,"learn_more_external":0,"curriculum_url":null,"curriculum_external":0,"apply_url":null},"updated_record":{"id":3,"is_active":1,"position":3,"slug":"bsit","badge":"BSIT","title":"B.S. in Information Technology","title_muted":null,"summary":"Practical foundations in software development, systems administration, and network security.","pillbox_title":"Tracks","pills":"Consumer Enterprise & Enterprise Application Development\nGame Development\nNetwork Infrastructure & Network Security","learn_more_url":null,"learn_more_external":0,"curriculum_url":null,"curriculum_external":0,"apply_url":null,"created_at":"2025-09-12 14:04:49","updated_at":"2025-09-18 02:39:37"}}
[17-Sep-2025 20:39:41 Europe/Berlin] Starting update for card ID 3 with data: {"position":"3","is_active":"1","badge":"BSIT","title":"B.S. in Information Technology","title_muted":"","slug":"bsit","learn_more_url":"","learn_more_external":"0","curriculum_url":"","curriculum_external":"0","apply_url":""}
[17-Sep-2025 20:39:41 Europe/Berlin] Found existing card: {"id":3,"is_active":1,"position":3,"slug":"bsit","badge":"BSIT","title":"B.S. in Information Technology","title_muted":null,"summary":"Practical foundations in software development, systems administration, and network security.","pillbox_title":"Tracks","pills":"Consumer Enterprise & Enterprise Application Development\nGame Development\nNetwork Infrastructure & Network Security","learn_more_url":null,"learn_more_external":0,"curriculum_url":null,"curriculum_external":0,"apply_url":null,"created_at":"2025-09-12 14:04:49","updated_at":"2025-09-18 02:39:37"}
[17-Sep-2025 20:39:41 Europe/Berlin] Executing UPDATE SQL: UPDATE ug_cards
               SET is_active = :act,
                   position = :pos,
                   slug = :slug,
                   badge = :badge,
                   title = :title,
                   title_muted = :muted,
                   summary = :summary,
                   pillbox_title = :pill_t,
                   pills = :pills,
                   learn_more_url = :lm_url,
                   learn_more_external = :lm_ext,
                   curriculum_url = :cur_url,
                   curriculum_external = :cur_ext,
                   apply_url = :apply
             WHERE id = :id
[17-Sep-2025 20:39:41 Europe/Berlin] Prepared statement update result: 1 rows affected
[17-Sep-2025 20:39:41 Europe/Berlin] Timestamp updated for card ID 3 within the main query
[17-Sep-2025 20:39:41 Europe/Berlin] Successfully updated card ID 3
[17-Sep-2025 20:39:41 Europe/Berlin] POST Action: update_card
[17-Sep-2025 20:39:41 Europe/Berlin] POST Data: {"action":"update_card","card_id":"3","card":{"position":"3","is_active":"1","badge":"BSIT","title":"B.S. in Information Technology","title_muted":"","slug":"bsit","learn_more_url":"","learn_more_external":"0","curriculum_url":"","curriculum_external":"0","apply_url":""}}
[17-Sep-2025 20:39:41 Europe/Berlin] Processing card update. Timestamp: 2025-09-17T20:39:41+02:00, Force update: No, AJAX: No
[17-Sep-2025 20:39:41 Europe/Berlin] Updating card ID: 3 with data: {"position":"3","is_active":"1","badge":"BSIT","title":"B.S. in Information Technology","title_muted":"","slug":"bsit","learn_more_url":"","learn_more_external":"0","curriculum_url":"","curriculum_external":"0","apply_url":""}
[17-Sep-2025 20:39:41 Europe/Berlin] Starting update for card ID 3 with data: {"position":"3","is_active":"1","badge":"BSIT","title":"B.S. in Information Technology","title_muted":"","slug":"bsit","learn_more_url":"","learn_more_external":"0","curriculum_url":"","curriculum_external":"0","apply_url":"","_force_update":true}
[17-Sep-2025 20:39:41 Europe/Berlin] Found existing card: {"id":3,"is_active":1,"position":3,"slug":"bsit","badge":"BSIT","title":"B.S. in Information Technology","title_muted":null,"summary":"Practical foundations in software development, systems administration, and network security.","pillbox_title":"Tracks","pills":"Consumer Enterprise & Enterprise Application Development\nGame Development\nNetwork Infrastructure & Network Security","learn_more_url":null,"learn_more_external":0,"curriculum_url":null,"curriculum_external":0,"apply_url":null,"created_at":"2025-09-12 14:04:49","updated_at":"2025-09-18 02:39:41"}
[17-Sep-2025 20:39:41 Europe/Berlin] Executing UPDATE SQL: UPDATE ug_cards
               SET is_active = :act,
                   position = :pos,
                   slug = :slug,
                   badge = :badge,
                   title = :title,
                   title_muted = :muted,
                   summary = :summary,
                   pillbox_title = :pill_t,
                   pills = :pills,
                   learn_more_url = :lm_url,
                   learn_more_external = :lm_ext,
                   curriculum_url = :cur_url,
                   curriculum_external = :cur_ext,
                   apply_url = :apply
             WHERE id = :id
[17-Sep-2025 20:39:41 Europe/Berlin] Prepared statement update result: 0 rows affected
[17-Sep-2025 20:39:41 Europe/Berlin] Timestamp updated for card ID 3 within the main query
[17-Sep-2025 20:39:41 Europe/Berlin] No rows were affected. This could mean no changes were made or there was an issue.
[17-Sep-2025 20:39:41 Europe/Berlin] Card exists but no changes were made - data might be identical
[17-Sep-2025 20:39:41 Europe/Berlin] Card update completed for ID: 3 Success: Yes
[17-Sep-2025 20:39:41 Europe/Berlin] Result details: {"success":true,"rows_affected":0,"message":"Card data updated successfully","card_id":3,"updated_data":{"id":3,"is_active":1,"position":3,"slug":"bsit","badge":"BSIT","title":"B.S. in Information Technology","title_muted":null,"summary":"Practical foundations in software development, systems administration, and network security.","pillbox_title":"Tracks","pills":"Consumer Enterprise & Enterprise Application Development\nGame Development\nNetwork Infrastructure & Network Security","learn_more_url":null,"learn_more_external":0,"curriculum_url":null,"curriculum_external":0,"apply_url":null},"updated_record":{"id":3,"is_active":1,"position":3,"slug":"bsit","badge":"BSIT","title":"B.S. in Information Technology","title_muted":null,"summary":"Practical foundations in software development, systems administration, and network security.","pillbox_title":"Tracks","pills":"Consumer Enterprise & Enterprise Application Development\nGame Development\nNetwork Infrastructure & Network Security","learn_more_url":null,"learn_more_external":0,"curriculum_url":null,"curriculum_external":0,"apply_url":null,"created_at":"2025-09-12 14:04:49","updated_at":"2025-09-18 02:39:41"}}
[17-Sep-2025 20:40:31 Europe/Berlin] Starting update for card ID 3 with data: {"summary":"Practical foundations in software development, systems administration, and network security.","pillbox_title":"Tracks","pills":"Consumer Enterprise & Enterprise Application Development\r\nGame Development\r\nNetwork Infrastructure & Network Security"}
[17-Sep-2025 20:40:31 Europe/Berlin] Found existing card: {"id":3,"is_active":1,"position":3,"slug":"bsit","badge":"BSIT","title":"B.S. in Information Technology","title_muted":null,"summary":"Practical foundations in software development, systems administration, and network security.","pillbox_title":"Tracks","pills":"Consumer Enterprise & Enterprise Application Development\nGame Development\nNetwork Infrastructure & Network Security","learn_more_url":null,"learn_more_external":0,"curriculum_url":null,"curriculum_external":0,"apply_url":null,"created_at":"2025-09-12 14:04:49","updated_at":"2025-09-18 02:39:41"}
[17-Sep-2025 20:40:31 Europe/Berlin] Executing UPDATE SQL: UPDATE ug_cards
               SET is_active = :act,
                   position = :pos,
                   slug = :slug,
                   badge = :badge,
                   title = :title,
                   title_muted = :muted,
                   summary = :summary,
                   pillbox_title = :pill_t,
                   pills = :pills,
                   learn_more_url = :lm_url,
                   learn_more_external = :lm_ext,
                   curriculum_url = :cur_url,
                   curriculum_external = :cur_ext,
                   apply_url = :apply
             WHERE id = :id
[17-Sep-2025 20:40:31 Europe/Berlin] Prepared statement update result: 1 rows affected
[17-Sep-2025 20:40:31 Europe/Berlin] Timestamp updated for card ID 3 within the main query
[17-Sep-2025 20:40:31 Europe/Berlin] Successfully updated card ID 3
[17-Sep-2025 20:40:31 Europe/Berlin] POST Action: update_card
[17-Sep-2025 20:40:31 Europe/Berlin] POST Data: {"action":"update_card","card_id":"3","card":{"summary":"Practical foundations in software development, systems administration, and network security.","pillbox_title":"Tracks","pills":"Consumer Enterprise & Enterprise Application Development\r\nGame Development\r\nNetwork Infrastructure & Network Security"},"debug_timestamp":"2025-09-17T18:40:31.421Z","force_update":"1"}
[17-Sep-2025 20:40:31 Europe/Berlin] Processing card update. Timestamp: 2025-09-17T18:40:31.421Z, Force update: Yes, AJAX: Yes
[17-Sep-2025 20:40:31 Europe/Berlin] Updating card ID: 3 with data: {"summary":"Practical foundations in software development, systems administration, and network security.","pillbox_title":"Tracks","pills":"Consumer Enterprise & Enterprise Application Development\r\nGame Development\r\nNetwork Infrastructure & Network Security"}
[17-Sep-2025 20:40:31 Europe/Berlin] Force update flag enabled
[17-Sep-2025 20:40:31 Europe/Berlin] Starting update for card ID 3 with data: {"summary":"Practical foundations in software development, systems administration, and network security.","pillbox_title":"Tracks","pills":"Consumer Enterprise & Enterprise Application Development\r\nGame Development\r\nNetwork Infrastructure & Network Security","_force_update":true}
[17-Sep-2025 20:40:31 Europe/Berlin] Found existing card: {"id":3,"is_active":1,"position":3,"slug":"bsit","badge":"BSIT","title":"B.S. in Information Technology","title_muted":null,"summary":"Practical foundations in software development, systems administration, and network security.","pillbox_title":"Tracks","pills":"Consumer Enterprise & Enterprise Application Development\nGame Development\nNetwork Infrastructure & Network Security","learn_more_url":null,"learn_more_external":0,"curriculum_url":null,"curriculum_external":0,"apply_url":null,"created_at":"2025-09-12 14:04:49","updated_at":"2025-09-18 02:40:31"}
[17-Sep-2025 20:40:31 Europe/Berlin] Executing UPDATE SQL: UPDATE ug_cards
               SET is_active = :act,
                   position = :pos,
                   slug = :slug,
                   badge = :badge,
                   title = :title,
                   title_muted = :muted,
                   summary = :summary,
                   pillbox_title = :pill_t,
                   pills = :pills,
                   learn_more_url = :lm_url,
                   learn_more_external = :lm_ext,
                   curriculum_url = :cur_url,
                   curriculum_external = :cur_ext,
                   apply_url = :apply
             WHERE id = :id
[17-Sep-2025 20:40:31 Europe/Berlin] Prepared statement update result: 0 rows affected
[17-Sep-2025 20:40:31 Europe/Berlin] Timestamp updated for card ID 3 within the main query
[17-Sep-2025 20:40:31 Europe/Berlin] No rows were affected. This could mean no changes were made or there was an issue.
[17-Sep-2025 20:40:31 Europe/Berlin] Card exists but no changes were made - data might be identical
[17-Sep-2025 20:40:31 Europe/Berlin] Card update completed for ID: 3 Success: Yes
[17-Sep-2025 20:40:31 Europe/Berlin] Result details: {"success":true,"rows_affected":0,"message":"Card data updated successfully","card_id":3,"updated_data":{"id":3,"is_active":1,"position":3,"slug":"bsit","badge":"BSIT","title":"B.S. in Information Technology","title_muted":null,"summary":"Practical foundations in software development, systems administration, and network security.","pillbox_title":"Tracks","pills":"Consumer Enterprise & Enterprise Application Development\nGame Development\nNetwork Infrastructure & Network Security","learn_more_url":null,"learn_more_external":0,"curriculum_url":null,"curriculum_external":0,"apply_url":null},"updated_record":{"id":3,"is_active":1,"position":3,"slug":"bsit","badge":"BSIT","title":"B.S. in Information Technology","title_muted":null,"summary":"Practical foundations in software development, systems administration, and network security.","pillbox_title":"Tracks","pills":"Consumer Enterprise & Enterprise Application Development\nGame Development\nNetwork Infrastructure & Network Security","learn_more_url":null,"learn_more_external":0,"curriculum_url":null,"curriculum_external":0,"apply_url":null,"created_at":"2025-09-12 14:04:49","updated_at":"2025-09-18 02:40:31"}}
[17-Sep-2025 20:40:33 Europe/Berlin] Starting update for card ID 3 with data: {"position":"3","is_active":"1","badge":"BSIT","title":"B.S. in Information Technology","title_muted":"","slug":"bsit","learn_more_url":"\/adamson-ccit\/public\/index.php?page=programs_undergraduate#bsit","learn_more_external":"0","curriculum_url":"https:\/\/www.adamson.edu.ph\/","curriculum_external":"1","apply_url":"\/adamson-ccit\/public\/index.php?page=admission_freshman"}
[17-Sep-2025 20:40:33 Europe/Berlin] Found existing card: {"id":3,"is_active":1,"position":3,"slug":"bsit","badge":"BSIT","title":"B.S. in Information Technology","title_muted":null,"summary":"Practical foundations in software development, systems administration, and network security.","pillbox_title":"Tracks","pills":"Consumer Enterprise & Enterprise Application Development\nGame Development\nNetwork Infrastructure & Network Security","learn_more_url":null,"learn_more_external":0,"curriculum_url":null,"curriculum_external":0,"apply_url":null,"created_at":"2025-09-12 14:04:49","updated_at":"2025-09-18 02:40:31"}
[17-Sep-2025 20:40:33 Europe/Berlin] Executing UPDATE SQL: UPDATE ug_cards
               SET is_active = :act,
                   position = :pos,
                   slug = :slug,
                   badge = :badge,
                   title = :title,
                   title_muted = :muted,
                   summary = :summary,
                   pillbox_title = :pill_t,
                   pills = :pills,
                   learn_more_url = :lm_url,
                   learn_more_external = :lm_ext,
                   curriculum_url = :cur_url,
                   curriculum_external = :cur_ext,
                   apply_url = :apply
             WHERE id = :id
[17-Sep-2025 20:40:33 Europe/Berlin] Prepared statement update result: 1 rows affected
[17-Sep-2025 20:40:33 Europe/Berlin] Timestamp updated for card ID 3 within the main query
[17-Sep-2025 20:40:33 Europe/Berlin] Successfully updated card ID 3
[17-Sep-2025 20:40:33 Europe/Berlin] POST Action: update_card
[17-Sep-2025 20:40:33 Europe/Berlin] POST Data: {"action":"update_card","card_id":"3","card":{"position":"3","is_active":"1","badge":"BSIT","title":"B.S. in Information Technology","title_muted":"","slug":"bsit","learn_more_url":"\/adamson-ccit\/public\/index.php?page=programs_undergraduate#bsit","learn_more_external":"0","curriculum_url":"https:\/\/www.adamson.edu.ph\/","curriculum_external":"1","apply_url":"\/adamson-ccit\/public\/index.php?page=admission_freshman"}}
[17-Sep-2025 20:40:33 Europe/Berlin] Processing card update. Timestamp: 2025-09-17T20:40:33+02:00, Force update: No, AJAX: No
[17-Sep-2025 20:40:33 Europe/Berlin] Updating card ID: 3 with data: {"position":"3","is_active":"1","badge":"BSIT","title":"B.S. in Information Technology","title_muted":"","slug":"bsit","learn_more_url":"\/adamson-ccit\/public\/index.php?page=programs_undergraduate#bsit","learn_more_external":"0","curriculum_url":"https:\/\/www.adamson.edu.ph\/","curriculum_external":"1","apply_url":"\/adamson-ccit\/public\/index.php?page=admission_freshman"}
[17-Sep-2025 20:40:33 Europe/Berlin] Starting update for card ID 3 with data: {"position":"3","is_active":"1","badge":"BSIT","title":"B.S. in Information Technology","title_muted":"","slug":"bsit","learn_more_url":"\/adamson-ccit\/public\/index.php?page=programs_undergraduate#bsit","learn_more_external":"0","curriculum_url":"https:\/\/www.adamson.edu.ph\/","curriculum_external":"1","apply_url":"\/adamson-ccit\/public\/index.php?page=admission_freshman","_force_update":true}
[17-Sep-2025 20:40:33 Europe/Berlin] Found existing card: {"id":3,"is_active":1,"position":3,"slug":"bsit","badge":"BSIT","title":"B.S. in Information Technology","title_muted":null,"summary":"Practical foundations in software development, systems administration, and network security.","pillbox_title":"Tracks","pills":"Consumer Enterprise & Enterprise Application Development\nGame Development\nNetwork Infrastructure & Network Security","learn_more_url":"\/adamson-ccit\/public\/index.php?page=programs_undergraduate#bsit","learn_more_external":0,"curriculum_url":"https:\/\/www.adamson.edu.ph\/","curriculum_external":1,"apply_url":"\/adamson-ccit\/public\/index.php?page=admission_freshman","created_at":"2025-09-12 14:04:49","updated_at":"2025-09-18 02:40:33"}
[17-Sep-2025 20:40:33 Europe/Berlin] Executing UPDATE SQL: UPDATE ug_cards
               SET is_active = :act,
                   position = :pos,
                   slug = :slug,
                   badge = :badge,
                   title = :title,
                   title_muted = :muted,
                   summary = :summary,
                   pillbox_title = :pill_t,
                   pills = :pills,
                   learn_more_url = :lm_url,
                   learn_more_external = :lm_ext,
                   curriculum_url = :cur_url,
                   curriculum_external = :cur_ext,
                   apply_url = :apply
             WHERE id = :id
[17-Sep-2025 20:40:33 Europe/Berlin] Prepared statement update result: 0 rows affected
[17-Sep-2025 20:40:33 Europe/Berlin] Timestamp updated for card ID 3 within the main query
[17-Sep-2025 20:40:33 Europe/Berlin] No rows were affected. This could mean no changes were made or there was an issue.
[17-Sep-2025 20:40:33 Europe/Berlin] Card exists but no changes were made - data might be identical
[17-Sep-2025 20:40:33 Europe/Berlin] Card update completed for ID: 3 Success: Yes
[17-Sep-2025 20:40:33 Europe/Berlin] Result details: {"success":true,"rows_affected":0,"message":"Card data updated successfully","card_id":3,"updated_data":{"id":3,"is_active":1,"position":3,"slug":"bsit","badge":"BSIT","title":"B.S. in Information Technology","title_muted":null,"summary":"Practical foundations in software development, systems administration, and network security.","pillbox_title":"Tracks","pills":"Consumer Enterprise & Enterprise Application Development\nGame Development\nNetwork Infrastructure & Network Security","learn_more_url":"\/adamson-ccit\/public\/index.php?page=programs_undergraduate#bsit","learn_more_external":0,"curriculum_url":"https:\/\/www.adamson.edu.ph\/","curriculum_external":1,"apply_url":"\/adamson-ccit\/public\/index.php?page=admission_freshman"},"updated_record":{"id":3,"is_active":1,"position":3,"slug":"bsit","badge":"BSIT","title":"B.S. in Information Technology","title_muted":null,"summary":"Practical foundations in software development, systems administration, and network security.","pillbox_title":"Tracks","pills":"Consumer Enterprise & Enterprise Application Development\nGame Development\nNetwork Infrastructure & Network Security","learn_more_url":"\/adamson-ccit\/public\/index.php?page=programs_undergraduate#bsit","learn_more_external":0,"curriculum_url":"https:\/\/www.adamson.edu.ph\/","curriculum_external":1,"apply_url":"\/adamson-ccit\/public\/index.php?page=admission_freshman","created_at":"2025-09-12 14:04:49","updated_at":"2025-09-18 02:40:33"}}
[17-Sep-2025 20:46:24 Europe/Berlin] Starting update for card ID 3 with data: {"position":"3","is_active":"1","badge":"BSIT","title":"B.S. in Information Technology","title_muted":"","slug":"bsit","learn_more_url":"\/adamson-ccit\/public\/index.php?page=programs_undergraduate#bsit","learn_more_external":"0","curriculum_url":"https:\/\/www.adamson.edu.ph\/","curriculum_external":"1","apply_url":"\/adamson-ccit\/public\/index.php?page=admission_freshman"}
[17-Sep-2025 20:46:24 Europe/Berlin] Found existing card: {"id":3,"is_active":1,"position":3,"slug":"bsit","badge":"BSIT","title":"B.S. in Information Technology","title_muted":null,"summary":"Practical foundations in software development, systems administration, and network security.","pillbox_title":"Tracks","pills":"Consumer Enterprise & Enterprise Application Development\nGame Development\nNetwork Infrastructure & Network Security","learn_more_url":"\/adamson-ccit\/public\/index.php?page=programs_undergraduate#bsit","learn_more_external":0,"curriculum_url":"https:\/\/www.adamson.edu.ph\/","curriculum_external":1,"apply_url":"\/adamson-ccit\/public\/index.php?page=admission_freshman","created_at":"2025-09-12 14:04:49","updated_at":"2025-09-18 02:40:33"}
[17-Sep-2025 20:46:24 Europe/Berlin] Executing UPDATE SQL: UPDATE ug_cards
               SET is_active = :act,
                   position = :pos,
                   slug = :slug,
                   badge = :badge,
                   title = :title,
                   title_muted = :muted,
                   summary = :summary,
                   pillbox_title = :pill_t,
                   pills = :pills,
                   learn_more_url = :lm_url,
                   learn_more_external = :lm_ext,
                   curriculum_url = :cur_url,
                   curriculum_external = :cur_ext,
                   apply_url = :apply
             WHERE id = :id
[17-Sep-2025 20:46:24 Europe/Berlin] Prepared statement update result: 1 rows affected
[17-Sep-2025 20:46:24 Europe/Berlin] Timestamp updated for card ID 3 within the main query
[17-Sep-2025 20:46:24 Europe/Berlin] Successfully updated card ID 3
[17-Sep-2025 20:46:24 Europe/Berlin] POST Action: update_card
[17-Sep-2025 20:46:24 Europe/Berlin] POST Data: {"action":"update_card","card_id":"3","card":{"position":"3","is_active":"1","badge":"BSIT","title":"B.S. in Information Technology","title_muted":"","slug":"bsit","learn_more_url":"\/adamson-ccit\/public\/index.php?page=programs_undergraduate#bsit","learn_more_external":"0","curriculum_url":"https:\/\/www.adamson.edu.ph\/","curriculum_external":"1","apply_url":"\/adamson-ccit\/public\/index.php?page=admission_freshman"}}
[17-Sep-2025 20:46:24 Europe/Berlin] Processing card update. Timestamp: 2025-09-17T20:46:24+02:00, Force update: No, AJAX: No
[17-Sep-2025 20:46:24 Europe/Berlin] Updating card ID: 3 with data: {"position":"3","is_active":"1","badge":"BSIT","title":"B.S. in Information Technology","title_muted":"","slug":"bsit","learn_more_url":"\/adamson-ccit\/public\/index.php?page=programs_undergraduate#bsit","learn_more_external":"0","curriculum_url":"https:\/\/www.adamson.edu.ph\/","curriculum_external":"1","apply_url":"\/adamson-ccit\/public\/index.php?page=admission_freshman"}
[17-Sep-2025 20:46:24 Europe/Berlin] Starting update for card ID 3 with data: {"position":"3","is_active":"1","badge":"BSIT","title":"B.S. in Information Technology","title_muted":"","slug":"bsit","learn_more_url":"\/adamson-ccit\/public\/index.php?page=programs_undergraduate#bsit","learn_more_external":"0","curriculum_url":"https:\/\/www.adamson.edu.ph\/","curriculum_external":"1","apply_url":"\/adamson-ccit\/public\/index.php?page=admission_freshman","_force_update":true}
[17-Sep-2025 20:46:24 Europe/Berlin] Found existing card: {"id":3,"is_active":1,"position":3,"slug":"bsit","badge":"BSIT","title":"B.S. in Information Technology","title_muted":null,"summary":"Practical foundations in software development, systems administration, and network security.","pillbox_title":"Tracks","pills":"Consumer Enterprise & Enterprise Application Development\nGame Development\nNetwork Infrastructure & Network Security","learn_more_url":"\/adamson-ccit\/public\/index.php?page=programs_undergraduate#bsit","learn_more_external":0,"curriculum_url":"https:\/\/www.adamson.edu.ph\/","curriculum_external":1,"apply_url":"\/adamson-ccit\/public\/index.php?page=admission_freshman","created_at":"2025-09-12 14:04:49","updated_at":"2025-09-18 02:46:24"}
[17-Sep-2025 20:46:24 Europe/Berlin] Executing UPDATE SQL: UPDATE ug_cards
               SET is_active = :act,
                   position = :pos,
                   slug = :slug,
                   badge = :badge,
                   title = :title,
                   title_muted = :muted,
                   summary = :summary,
                   pillbox_title = :pill_t,
                   pills = :pills,
                   learn_more_url = :lm_url,
                   learn_more_external = :lm_ext,
                   curriculum_url = :cur_url,
                   curriculum_external = :cur_ext,
                   apply_url = :apply
             WHERE id = :id
[17-Sep-2025 20:46:24 Europe/Berlin] Prepared statement update result: 0 rows affected
[17-Sep-2025 20:46:24 Europe/Berlin] Timestamp updated for card ID 3 within the main query
[17-Sep-2025 20:46:24 Europe/Berlin] No rows were affected. This could mean no changes were made or there was an issue.
[17-Sep-2025 20:46:24 Europe/Berlin] Card exists but no changes were made - data might be identical
[17-Sep-2025 20:46:24 Europe/Berlin] Card update completed for ID: 3 Success: Yes
[17-Sep-2025 20:46:24 Europe/Berlin] Result details: {"success":true,"rows_affected":0,"message":"Card data updated successfully","card_id":3,"updated_data":{"id":3,"is_active":1,"position":3,"slug":"bsit","badge":"BSIT","title":"B.S. in Information Technology","title_muted":null,"summary":"Practical foundations in software development, systems administration, and network security.","pillbox_title":"Tracks","pills":"Consumer Enterprise & Enterprise Application Development\nGame Development\nNetwork Infrastructure & Network Security","learn_more_url":"\/adamson-ccit\/public\/index.php?page=programs_undergraduate#bsit","learn_more_external":0,"curriculum_url":"https:\/\/www.adamson.edu.ph\/","curriculum_external":1,"apply_url":"\/adamson-ccit\/public\/index.php?page=admission_freshman"},"updated_record":{"id":3,"is_active":1,"position":3,"slug":"bsit","badge":"BSIT","title":"B.S. in Information Technology","title_muted":null,"summary":"Practical foundations in software development, systems administration, and network security.","pillbox_title":"Tracks","pills":"Consumer Enterprise & Enterprise Application Development\nGame Development\nNetwork Infrastructure & Network Security","learn_more_url":"\/adamson-ccit\/public\/index.php?page=programs_undergraduate#bsit","learn_more_external":0,"curriculum_url":"https:\/\/www.adamson.edu.ph\/","curriculum_external":1,"apply_url":"\/adamson-ccit\/public\/index.php?page=admission_freshman","created_at":"2025-09-12 14:04:49","updated_at":"2025-09-18 02:46:24"}}
[17-Sep-2025 20:46:53 Europe/Berlin] Starting update for card ID 1 with data: {"position":"1","is_active":"1","badge":"BSCSS","title":"B.S. in Computer Science","title_muted":"","slug":"bscs","learn_more_url":"\/adamson-ccit\/public\/index.php?page=programs_undergraduate#bscs","learn_more_external":"0","curriculum_url":"https:\/\/www.adamson.edu.ph\/","curriculum_external":"1","apply_url":"\/adamson-ccit\/public\/index.php?page=admission_freshman","summary":"Strong foundations in algorithms, software engineering, and intelligent systems.","pillbox_title":"Tracks","pills":"Data Science\r\nWeb Science\r\nComputer Vision"}
[17-Sep-2025 20:46:53 Europe/Berlin] Found existing card: {"id":1,"is_active":1,"position":1,"slug":"bscs","badge":"BSCS","title":"B.S. in Computer Science","title_muted":null,"summary":"Strong foundations in algorithms, software engineering, and intelligent systems.","pillbox_title":"Tracks","pills":"Data Science\nWeb Science\nComputer Vision","learn_more_url":"\/adamson-ccit\/public\/index.php?page=programs_undergraduate#bscs","learn_more_external":0,"curriculum_url":"https:\/\/www.adamson.edu.ph\/","curriculum_external":1,"apply_url":"\/adamson-ccit\/public\/index.php?page=admission_freshman","created_at":"2025-09-12 14:04:49","updated_at":"2025-09-18 02:33:10"}
[17-Sep-2025 20:46:53 Europe/Berlin] Executing UPDATE SQL: UPDATE ug_cards
               SET is_active = :act,
                   position = :pos,
                   slug = :slug,
                   badge = :badge,
                   title = :title,
                   title_muted = :muted,
                   summary = :summary,
                   pillbox_title = :pill_t,
                   pills = :pills,
                   learn_more_url = :lm_url,
                   learn_more_external = :lm_ext,
                   curriculum_url = :cur_url,
                   curriculum_external = :cur_ext,
                   apply_url = :apply
             WHERE id = :id
[17-Sep-2025 20:46:53 Europe/Berlin] Prepared statement update result: 1 rows affected
[17-Sep-2025 20:46:53 Europe/Berlin] Timestamp updated for card ID 1 within the main query
[17-Sep-2025 20:46:53 Europe/Berlin] Successfully updated card ID 1
[17-Sep-2025 20:46:53 Europe/Berlin] POST Action: update_card
[17-Sep-2025 20:46:53 Europe/Berlin] POST Data: {"action":"update_card","card_id":"1","card":{"position":"1","is_active":"1","badge":"BSCSS","title":"B.S. in Computer Science","title_muted":"","slug":"bscs","learn_more_url":"\/adamson-ccit\/public\/index.php?page=programs_undergraduate#bscs","learn_more_external":"0","curriculum_url":"https:\/\/www.adamson.edu.ph\/","curriculum_external":"1","apply_url":"\/adamson-ccit\/public\/index.php?page=admission_freshman","summary":"Strong foundations in algorithms, software engineering, and intelligent systems.","pillbox_title":"Tracks","pills":"Data Science\r\nWeb Science\r\nComputer Vision"}}
[17-Sep-2025 20:46:53 Europe/Berlin] Processing card update. Timestamp: 2025-09-17T20:46:53+02:00, Force update: No, AJAX: No
[17-Sep-2025 20:46:53 Europe/Berlin] Updating card ID: 1 with data: {"position":"1","is_active":"1","badge":"BSCSS","title":"B.S. in Computer Science","title_muted":"","slug":"bscs","learn_more_url":"\/adamson-ccit\/public\/index.php?page=programs_undergraduate#bscs","learn_more_external":"0","curriculum_url":"https:\/\/www.adamson.edu.ph\/","curriculum_external":"1","apply_url":"\/adamson-ccit\/public\/index.php?page=admission_freshman","summary":"Strong foundations in algorithms, software engineering, and intelligent systems.","pillbox_title":"Tracks","pills":"Data Science\r\nWeb Science\r\nComputer Vision"}
[17-Sep-2025 20:46:53 Europe/Berlin] Starting update for card ID 1 with data: {"position":"1","is_active":"1","badge":"BSCSS","title":"B.S. in Computer Science","title_muted":"","slug":"bscs","learn_more_url":"\/adamson-ccit\/public\/index.php?page=programs_undergraduate#bscs","learn_more_external":"0","curriculum_url":"https:\/\/www.adamson.edu.ph\/","curriculum_external":"1","apply_url":"\/adamson-ccit\/public\/index.php?page=admission_freshman","summary":"Strong foundations in algorithms, software engineering, and intelligent systems.","pillbox_title":"Tracks","pills":"Data Science\r\nWeb Science\r\nComputer Vision","_force_update":true}
[17-Sep-2025 20:46:53 Europe/Berlin] Found existing card: {"id":1,"is_active":1,"position":1,"slug":"bscs","badge":"BSCSS","title":"B.S. in Computer Science","title_muted":null,"summary":"Strong foundations in algorithms, software engineering, and intelligent systems.","pillbox_title":"Tracks","pills":"Data Science\nWeb Science\nComputer Vision","learn_more_url":"\/adamson-ccit\/public\/index.php?page=programs_undergraduate#bscs","learn_more_external":0,"curriculum_url":"https:\/\/www.adamson.edu.ph\/","curriculum_external":1,"apply_url":"\/adamson-ccit\/public\/index.php?page=admission_freshman","created_at":"2025-09-12 14:04:49","updated_at":"2025-09-18 02:46:53"}
[17-Sep-2025 20:46:53 Europe/Berlin] Executing UPDATE SQL: UPDATE ug_cards
               SET is_active = :act,
                   position = :pos,
                   slug = :slug,
                   badge = :badge,
                   title = :title,
                   title_muted = :muted,
                   summary = :summary,
                   pillbox_title = :pill_t,
                   pills = :pills,
                   learn_more_url = :lm_url,
                   learn_more_external = :lm_ext,
                   curriculum_url = :cur_url,
                   curriculum_external = :cur_ext,
                   apply_url = :apply
             WHERE id = :id
[17-Sep-2025 20:46:53 Europe/Berlin] Prepared statement update result: 0 rows affected
[17-Sep-2025 20:46:53 Europe/Berlin] Timestamp updated for card ID 1 within the main query
[17-Sep-2025 20:46:53 Europe/Berlin] No rows were affected. This could mean no changes were made or there was an issue.
[17-Sep-2025 20:46:53 Europe/Berlin] Card exists but no changes were made - data might be identical
[17-Sep-2025 20:46:53 Europe/Berlin] Card update completed for ID: 1 Success: Yes
[17-Sep-2025 20:46:53 Europe/Berlin] Result details: {"success":true,"rows_affected":0,"message":"Card data updated successfully","card_id":1,"updated_data":{"id":1,"is_active":1,"position":1,"slug":"bscs","badge":"BSCSS","title":"B.S. in Computer Science","title_muted":null,"summary":"Strong foundations in algorithms, software engineering, and intelligent systems.","pillbox_title":"Tracks","pills":"Data Science\nWeb Science\nComputer Vision","learn_more_url":"\/adamson-ccit\/public\/index.php?page=programs_undergraduate#bscs","learn_more_external":0,"curriculum_url":"https:\/\/www.adamson.edu.ph\/","curriculum_external":1,"apply_url":"\/adamson-ccit\/public\/index.php?page=admission_freshman"},"updated_record":{"id":1,"is_active":1,"position":1,"slug":"bscs","badge":"BSCSS","title":"B.S. in Computer Science","title_muted":null,"summary":"Strong foundations in algorithms, software engineering, and intelligent systems.","pillbox_title":"Tracks","pills":"Data Science\nWeb Science\nComputer Vision","learn_more_url":"\/adamson-ccit\/public\/index.php?page=programs_undergraduate#bscs","learn_more_external":0,"curriculum_url":"https:\/\/www.adamson.edu.ph\/","curriculum_external":1,"apply_url":"\/adamson-ccit\/public\/index.php?page=admission_freshman","created_at":"2025-09-12 14:04:49","updated_at":"2025-09-18 02:46:53"}}
[17-Sep-2025 20:47:05 Europe/Berlin] Starting update for card ID 1 with data: {"position":"1","is_active":"1","badge":"BSCS","title":"B.S. in Computer Science","title_muted":"","slug":"bscs","learn_more_url":"\/adamson-ccit\/public\/index.php?page=programs_undergraduate#bscs","learn_more_external":"0","curriculum_url":"https:\/\/www.adamson.edu.ph\/","curriculum_external":"1","apply_url":"\/adamson-ccit\/public\/index.php?page=admission_freshman","summary":"Strong foundations in algorithms, software engineering, and intelligent systems.","pillbox_title":"Tracks","pills":"Data Science\r\nWeb Science\r\nComputer Vision"}
[17-Sep-2025 20:47:05 Europe/Berlin] Found existing card: {"id":1,"is_active":1,"position":1,"slug":"bscs","badge":"BSCSS","title":"B.S. in Computer Science","title_muted":null,"summary":"Strong foundations in algorithms, software engineering, and intelligent systems.","pillbox_title":"Tracks","pills":"Data Science\nWeb Science\nComputer Vision","learn_more_url":"\/adamson-ccit\/public\/index.php?page=programs_undergraduate#bscs","learn_more_external":0,"curriculum_url":"https:\/\/www.adamson.edu.ph\/","curriculum_external":1,"apply_url":"\/adamson-ccit\/public\/index.php?page=admission_freshman","created_at":"2025-09-12 14:04:49","updated_at":"2025-09-18 02:46:53"}
[17-Sep-2025 20:47:05 Europe/Berlin] Executing UPDATE SQL: UPDATE ug_cards
               SET is_active = :act,
                   position = :pos,
                   slug = :slug,
                   badge = :badge,
                   title = :title,
                   title_muted = :muted,
                   summary = :summary,
                   pillbox_title = :pill_t,
                   pills = :pills,
                   learn_more_url = :lm_url,
                   learn_more_external = :lm_ext,
                   curriculum_url = :cur_url,
                   curriculum_external = :cur_ext,
                   apply_url = :apply
             WHERE id = :id
[17-Sep-2025 20:47:05 Europe/Berlin] Prepared statement update result: 1 rows affected
[17-Sep-2025 20:47:05 Europe/Berlin] Timestamp updated for card ID 1 within the main query
[17-Sep-2025 20:47:05 Europe/Berlin] Successfully updated card ID 1
[17-Sep-2025 20:47:05 Europe/Berlin] POST Action: update_card
[17-Sep-2025 20:47:05 Europe/Berlin] POST Data: {"action":"update_card","card_id":"1","card":{"position":"1","is_active":"1","badge":"BSCS","title":"B.S. in Computer Science","title_muted":"","slug":"bscs","learn_more_url":"\/adamson-ccit\/public\/index.php?page=programs_undergraduate#bscs","learn_more_external":"0","curriculum_url":"https:\/\/www.adamson.edu.ph\/","curriculum_external":"1","apply_url":"\/adamson-ccit\/public\/index.php?page=admission_freshman","summary":"Strong foundations in algorithms, software engineering, and intelligent systems.","pillbox_title":"Tracks","pills":"Data Science\r\nWeb Science\r\nComputer Vision"}}
[17-Sep-2025 20:47:05 Europe/Berlin] Processing card update. Timestamp: 2025-09-17T20:47:05+02:00, Force update: No, AJAX: No
[17-Sep-2025 20:47:05 Europe/Berlin] Updating card ID: 1 with data: {"position":"1","is_active":"1","badge":"BSCS","title":"B.S. in Computer Science","title_muted":"","slug":"bscs","learn_more_url":"\/adamson-ccit\/public\/index.php?page=programs_undergraduate#bscs","learn_more_external":"0","curriculum_url":"https:\/\/www.adamson.edu.ph\/","curriculum_external":"1","apply_url":"\/adamson-ccit\/public\/index.php?page=admission_freshman","summary":"Strong foundations in algorithms, software engineering, and intelligent systems.","pillbox_title":"Tracks","pills":"Data Science\r\nWeb Science\r\nComputer Vision"}
[17-Sep-2025 20:47:05 Europe/Berlin] Starting update for card ID 1 with data: {"position":"1","is_active":"1","badge":"BSCS","title":"B.S. in Computer Science","title_muted":"","slug":"bscs","learn_more_url":"\/adamson-ccit\/public\/index.php?page=programs_undergraduate#bscs","learn_more_external":"0","curriculum_url":"https:\/\/www.adamson.edu.ph\/","curriculum_external":"1","apply_url":"\/adamson-ccit\/public\/index.php?page=admission_freshman","summary":"Strong foundations in algorithms, software engineering, and intelligent systems.","pillbox_title":"Tracks","pills":"Data Science\r\nWeb Science\r\nComputer Vision","_force_update":true}
[17-Sep-2025 20:47:05 Europe/Berlin] Found existing card: {"id":1,"is_active":1,"position":1,"slug":"bscs","badge":"BSCS","title":"B.S. in Computer Science","title_muted":null,"summary":"Strong foundations in algorithms, software engineering, and intelligent systems.","pillbox_title":"Tracks","pills":"Data Science\nWeb Science\nComputer Vision","learn_more_url":"\/adamson-ccit\/public\/index.php?page=programs_undergraduate#bscs","learn_more_external":0,"curriculum_url":"https:\/\/www.adamson.edu.ph\/","curriculum_external":1,"apply_url":"\/adamson-ccit\/public\/index.php?page=admission_freshman","created_at":"2025-09-12 14:04:49","updated_at":"2025-09-18 02:47:05"}
[17-Sep-2025 20:47:05 Europe/Berlin] Executing UPDATE SQL: UPDATE ug_cards
               SET is_active = :act,
                   position = :pos,
                   slug = :slug,
                   badge = :badge,
                   title = :title,
                   title_muted = :muted,
                   summary = :summary,
                   pillbox_title = :pill_t,
                   pills = :pills,
                   learn_more_url = :lm_url,
                   learn_more_external = :lm_ext,
                   curriculum_url = :cur_url,
                   curriculum_external = :cur_ext,
                   apply_url = :apply
             WHERE id = :id
[17-Sep-2025 20:47:05 Europe/Berlin] Prepared statement update result: 0 rows affected
[17-Sep-2025 20:47:05 Europe/Berlin] Timestamp updated for card ID 1 within the main query
[17-Sep-2025 20:47:05 Europe/Berlin] No rows were affected. This could mean no changes were made or there was an issue.
[17-Sep-2025 20:47:05 Europe/Berlin] Card exists but no changes were made - data might be identical
[17-Sep-2025 20:47:05 Europe/Berlin] Card update completed for ID: 1 Success: Yes
[17-Sep-2025 20:47:05 Europe/Berlin] Result details: {"success":true,"rows_affected":0,"message":"Card data updated successfully","card_id":1,"updated_data":{"id":1,"is_active":1,"position":1,"slug":"bscs","badge":"BSCS","title":"B.S. in Computer Science","title_muted":null,"summary":"Strong foundations in algorithms, software engineering, and intelligent systems.","pillbox_title":"Tracks","pills":"Data Science\nWeb Science\nComputer Vision","learn_more_url":"\/adamson-ccit\/public\/index.php?page=programs_undergraduate#bscs","learn_more_external":0,"curriculum_url":"https:\/\/www.adamson.edu.ph\/","curriculum_external":1,"apply_url":"\/adamson-ccit\/public\/index.php?page=admission_freshman"},"updated_record":{"id":1,"is_active":1,"position":1,"slug":"bscs","badge":"BSCS","title":"B.S. in Computer Science","title_muted":null,"summary":"Strong foundations in algorithms, software engineering, and intelligent systems.","pillbox_title":"Tracks","pills":"Data Science\nWeb Science\nComputer Vision","learn_more_url":"\/adamson-ccit\/public\/index.php?page=programs_undergraduate#bscs","learn_more_external":0,"curriculum_url":"https:\/\/www.adamson.edu.ph\/","curriculum_external":1,"apply_url":"\/adamson-ccit\/public\/index.php?page=admission_freshman","created_at":"2025-09-12 14:04:49","updated_at":"2025-09-18 02:47:05"}}
[17-Sep-2025 20:48:07 Europe/Berlin] Starting update for card ID 1 with data: {"position":"1","is_active":"1","badge":"BSCSDSADA","title":"B.S. in Computer Science","title_muted":"","slug":"bscs","learn_more_url":"\/adamson-ccit\/public\/index.php?page=programs_undergraduate#bscs","learn_more_external":"0","curriculum_url":"https:\/\/www.adamson.edu.ph\/","curriculum_external":"1","apply_url":"\/adamson-ccit\/public\/index.php?page=admission_freshman","summary":"Strong foundations in algorithms, software engineering, and intelligent systems.","pillbox_title":"Tracks","pills":"Data Science\r\nWeb Science\r\nComputer Vision"}
[17-Sep-2025 20:48:07 Europe/Berlin] Found existing card: {"id":1,"is_active":1,"position":1,"slug":"bscs","badge":"BSCS","title":"B.S. in Computer Science","title_muted":null,"summary":"Strong foundations in algorithms, software engineering, and intelligent systems.","pillbox_title":"Tracks","pills":"Data Science\nWeb Science\nComputer Vision","learn_more_url":"\/adamson-ccit\/public\/index.php?page=programs_undergraduate#bscs","learn_more_external":0,"curriculum_url":"https:\/\/www.adamson.edu.ph\/","curriculum_external":1,"apply_url":"\/adamson-ccit\/public\/index.php?page=admission_freshman","created_at":"2025-09-12 14:04:49","updated_at":"2025-09-18 02:47:05"}
[17-Sep-2025 20:48:07 Europe/Berlin] Executing UPDATE SQL: UPDATE ug_cards
               SET is_active = :act,
                   position = :pos,
                   slug = :slug,
                   badge = :badge,
                   title = :title,
                   title_muted = :muted,
                   summary = :summary,
                   pillbox_title = :pill_t,
                   pills = :pills,
                   learn_more_url = :lm_url,
                   learn_more_external = :lm_ext,
                   curriculum_url = :cur_url,
                   curriculum_external = :cur_ext,
                   apply_url = :apply
             WHERE id = :id
[17-Sep-2025 20:48:07 Europe/Berlin] Prepared statement update result: 1 rows affected
[17-Sep-2025 20:48:07 Europe/Berlin] Timestamp updated for card ID 1 within the main query
[17-Sep-2025 20:48:07 Europe/Berlin] Successfully updated card ID 1
[17-Sep-2025 20:48:07 Europe/Berlin] POST Action: update_card
[17-Sep-2025 20:48:07 Europe/Berlin] POST Data: {"action":"update_card","card_id":"1","card":{"position":"1","is_active":"1","badge":"BSCSDSADA","title":"B.S. in Computer Science","title_muted":"","slug":"bscs","learn_more_url":"\/adamson-ccit\/public\/index.php?page=programs_undergraduate#bscs","learn_more_external":"0","curriculum_url":"https:\/\/www.adamson.edu.ph\/","curriculum_external":"1","apply_url":"\/adamson-ccit\/public\/index.php?page=admission_freshman","summary":"Strong foundations in algorithms, software engineering, and intelligent systems.","pillbox_title":"Tracks","pills":"Data Science\r\nWeb Science\r\nComputer Vision"}}
[17-Sep-2025 20:48:07 Europe/Berlin] Processing card update. Timestamp: 2025-09-17T20:48:07+02:00, Force update: No, AJAX: No
[17-Sep-2025 20:48:07 Europe/Berlin] Updating card ID: 1 with data: {"position":"1","is_active":"1","badge":"BSCSDSADA","title":"B.S. in Computer Science","title_muted":"","slug":"bscs","learn_more_url":"\/adamson-ccit\/public\/index.php?page=programs_undergraduate#bscs","learn_more_external":"0","curriculum_url":"https:\/\/www.adamson.edu.ph\/","curriculum_external":"1","apply_url":"\/adamson-ccit\/public\/index.php?page=admission_freshman","summary":"Strong foundations in algorithms, software engineering, and intelligent systems.","pillbox_title":"Tracks","pills":"Data Science\r\nWeb Science\r\nComputer Vision"}
[17-Sep-2025 20:48:07 Europe/Berlin] Starting update for card ID 1 with data: {"position":"1","is_active":"1","badge":"BSCSDSADA","title":"B.S. in Computer Science","title_muted":"","slug":"bscs","learn_more_url":"\/adamson-ccit\/public\/index.php?page=programs_undergraduate#bscs","learn_more_external":"0","curriculum_url":"https:\/\/www.adamson.edu.ph\/","curriculum_external":"1","apply_url":"\/adamson-ccit\/public\/index.php?page=admission_freshman","summary":"Strong foundations in algorithms, software engineering, and intelligent systems.","pillbox_title":"Tracks","pills":"Data Science\r\nWeb Science\r\nComputer Vision","_force_update":true}
[17-Sep-2025 20:48:07 Europe/Berlin] Found existing card: {"id":1,"is_active":1,"position":1,"slug":"bscs","badge":"BSCSDSADA","title":"B.S. in Computer Science","title_muted":null,"summary":"Strong foundations in algorithms, software engineering, and intelligent systems.","pillbox_title":"Tracks","pills":"Data Science\nWeb Science\nComputer Vision","learn_more_url":"\/adamson-ccit\/public\/index.php?page=programs_undergraduate#bscs","learn_more_external":0,"curriculum_url":"https:\/\/www.adamson.edu.ph\/","curriculum_external":1,"apply_url":"\/adamson-ccit\/public\/index.php?page=admission_freshman","created_at":"2025-09-12 14:04:49","updated_at":"2025-09-18 02:48:07"}
[17-Sep-2025 20:48:07 Europe/Berlin] Executing UPDATE SQL: UPDATE ug_cards
               SET is_active = :act,
                   position = :pos,
                   slug = :slug,
                   badge = :badge,
                   title = :title,
                   title_muted = :muted,
                   summary = :summary,
                   pillbox_title = :pill_t,
                   pills = :pills,
                   learn_more_url = :lm_url,
                   learn_more_external = :lm_ext,
                   curriculum_url = :cur_url,
                   curriculum_external = :cur_ext,
                   apply_url = :apply
             WHERE id = :id
[17-Sep-2025 20:48:07 Europe/Berlin] Prepared statement update result: 0 rows affected
[17-Sep-2025 20:48:07 Europe/Berlin] Timestamp updated for card ID 1 within the main query
[17-Sep-2025 20:48:07 Europe/Berlin] No rows were affected. This could mean no changes were made or there was an issue.
[17-Sep-2025 20:48:07 Europe/Berlin] Card exists but no changes were made - data might be identical
[17-Sep-2025 20:48:07 Europe/Berlin] Card update completed for ID: 1 Success: Yes
[17-Sep-2025 20:48:07 Europe/Berlin] Result details: {"success":true,"rows_affected":0,"message":"Card data updated successfully","card_id":1,"updated_data":{"id":1,"is_active":1,"position":1,"slug":"bscs","badge":"BSCSDSADA","title":"B.S. in Computer Science","title_muted":null,"summary":"Strong foundations in algorithms, software engineering, and intelligent systems.","pillbox_title":"Tracks","pills":"Data Science\nWeb Science\nComputer Vision","learn_more_url":"\/adamson-ccit\/public\/index.php?page=programs_undergraduate#bscs","learn_more_external":0,"curriculum_url":"https:\/\/www.adamson.edu.ph\/","curriculum_external":1,"apply_url":"\/adamson-ccit\/public\/index.php?page=admission_freshman"},"updated_record":{"id":1,"is_active":1,"position":1,"slug":"bscs","badge":"BSCSDSADA","title":"B.S. in Computer Science","title_muted":null,"summary":"Strong foundations in algorithms, software engineering, and intelligent systems.","pillbox_title":"Tracks","pills":"Data Science\nWeb Science\nComputer Vision","learn_more_url":"\/adamson-ccit\/public\/index.php?page=programs_undergraduate#bscs","learn_more_external":0,"curriculum_url":"https:\/\/www.adamson.edu.ph\/","curriculum_external":1,"apply_url":"\/adamson-ccit\/public\/index.php?page=admission_freshman","created_at":"2025-09-12 14:04:49","updated_at":"2025-09-18 02:48:07"}}
[17-Sep-2025 20:48:29 Europe/Berlin] Starting update for card ID 1 with data: {"position":"1","is_active":"1","badge":"BSCS","title":"B.S. in Computer Science","title_muted":"","slug":"bscs","learn_more_url":"\/adamson-ccit\/public\/index.php?page=programs_undergraduate#bscs","learn_more_external":"0","curriculum_url":"https:\/\/www.adamson.edu.ph\/","curriculum_external":"1","apply_url":"\/adamson-ccit\/public\/index.php?page=admission_freshman","summary":"Strong foundations in algorithms, software engineering, and intelligent systems.","pillbox_title":"Tracks","pills":"Data Science\r\nWeb Science\r\nComputer Vision"}
[17-Sep-2025 20:48:29 Europe/Berlin] Found existing card: {"id":1,"is_active":1,"position":1,"slug":"bscs","badge":"BSCSDSADA","title":"B.S. in Computer Science","title_muted":null,"summary":"Strong foundations in algorithms, software engineering, and intelligent systems.","pillbox_title":"Tracks","pills":"Data Science\nWeb Science\nComputer Vision","learn_more_url":"\/adamson-ccit\/public\/index.php?page=programs_undergraduate#bscs","learn_more_external":0,"curriculum_url":"https:\/\/www.adamson.edu.ph\/","curriculum_external":1,"apply_url":"\/adamson-ccit\/public\/index.php?page=admission_freshman","created_at":"2025-09-12 14:04:49","updated_at":"2025-09-18 02:48:07"}
[17-Sep-2025 20:48:29 Europe/Berlin] Executing UPDATE SQL: UPDATE ug_cards
               SET is_active = :act,
                   position = :pos,
                   slug = :slug,
                   badge = :badge,
                   title = :title,
                   title_muted = :muted,
                   summary = :summary,
                   pillbox_title = :pill_t,
                   pills = :pills,
                   learn_more_url = :lm_url,
                   learn_more_external = :lm_ext,
                   curriculum_url = :cur_url,
                   curriculum_external = :cur_ext,
                   apply_url = :apply
             WHERE id = :id
[17-Sep-2025 20:48:29 Europe/Berlin] Prepared statement update result: 1 rows affected
[17-Sep-2025 20:48:29 Europe/Berlin] Timestamp updated for card ID 1 within the main query
[17-Sep-2025 20:48:29 Europe/Berlin] Successfully updated card ID 1
[17-Sep-2025 20:48:29 Europe/Berlin] POST Action: update_card
[17-Sep-2025 20:48:29 Europe/Berlin] POST Data: {"action":"update_card","card_id":"1","card":{"position":"1","is_active":"1","badge":"BSCS","title":"B.S. in Computer Science","title_muted":"","slug":"bscs","learn_more_url":"\/adamson-ccit\/public\/index.php?page=programs_undergraduate#bscs","learn_more_external":"0","curriculum_url":"https:\/\/www.adamson.edu.ph\/","curriculum_external":"1","apply_url":"\/adamson-ccit\/public\/index.php?page=admission_freshman","summary":"Strong foundations in algorithms, software engineering, and intelligent systems.","pillbox_title":"Tracks","pills":"Data Science\r\nWeb Science\r\nComputer Vision"}}
[17-Sep-2025 20:48:29 Europe/Berlin] Processing card update. Timestamp: 2025-09-17T20:48:29+02:00, Force update: No, AJAX: No
[17-Sep-2025 20:48:29 Europe/Berlin] Updating card ID: 1 with data: {"position":"1","is_active":"1","badge":"BSCS","title":"B.S. in Computer Science","title_muted":"","slug":"bscs","learn_more_url":"\/adamson-ccit\/public\/index.php?page=programs_undergraduate#bscs","learn_more_external":"0","curriculum_url":"https:\/\/www.adamson.edu.ph\/","curriculum_external":"1","apply_url":"\/adamson-ccit\/public\/index.php?page=admission_freshman","summary":"Strong foundations in algorithms, software engineering, and intelligent systems.","pillbox_title":"Tracks","pills":"Data Science\r\nWeb Science\r\nComputer Vision"}
[17-Sep-2025 20:48:29 Europe/Berlin] Starting update for card ID 1 with data: {"position":"1","is_active":"1","badge":"BSCS","title":"B.S. in Computer Science","title_muted":"","slug":"bscs","learn_more_url":"\/adamson-ccit\/public\/index.php?page=programs_undergraduate#bscs","learn_more_external":"0","curriculum_url":"https:\/\/www.adamson.edu.ph\/","curriculum_external":"1","apply_url":"\/adamson-ccit\/public\/index.php?page=admission_freshman","summary":"Strong foundations in algorithms, software engineering, and intelligent systems.","pillbox_title":"Tracks","pills":"Data Science\r\nWeb Science\r\nComputer Vision","_force_update":true}
[17-Sep-2025 20:48:29 Europe/Berlin] Found existing card: {"id":1,"is_active":1,"position":1,"slug":"bscs","badge":"BSCS","title":"B.S. in Computer Science","title_muted":null,"summary":"Strong foundations in algorithms, software engineering, and intelligent systems.","pillbox_title":"Tracks","pills":"Data Science\nWeb Science\nComputer Vision","learn_more_url":"\/adamson-ccit\/public\/index.php?page=programs_undergraduate#bscs","learn_more_external":0,"curriculum_url":"https:\/\/www.adamson.edu.ph\/","curriculum_external":1,"apply_url":"\/adamson-ccit\/public\/index.php?page=admission_freshman","created_at":"2025-09-12 14:04:49","updated_at":"2025-09-18 02:48:29"}
[17-Sep-2025 20:48:29 Europe/Berlin] Executing UPDATE SQL: UPDATE ug_cards
               SET is_active = :act,
                   position = :pos,
                   slug = :slug,
                   badge = :badge,
                   title = :title,
                   title_muted = :muted,
                   summary = :summary,
                   pillbox_title = :pill_t,
                   pills = :pills,
                   learn_more_url = :lm_url,
                   learn_more_external = :lm_ext,
                   curriculum_url = :cur_url,
                   curriculum_external = :cur_ext,
                   apply_url = :apply
             WHERE id = :id
[17-Sep-2025 20:48:29 Europe/Berlin] Prepared statement update result: 0 rows affected
[17-Sep-2025 20:48:29 Europe/Berlin] Timestamp updated for card ID 1 within the main query
[17-Sep-2025 20:48:29 Europe/Berlin] No rows were affected. This could mean no changes were made or there was an issue.
[17-Sep-2025 20:48:29 Europe/Berlin] Card exists but no changes were made - data might be identical
[17-Sep-2025 20:48:29 Europe/Berlin] Card update completed for ID: 1 Success: Yes
[17-Sep-2025 20:48:29 Europe/Berlin] Result details: {"success":true,"rows_affected":0,"message":"Card data updated successfully","card_id":1,"updated_data":{"id":1,"is_active":1,"position":1,"slug":"bscs","badge":"BSCS","title":"B.S. in Computer Science","title_muted":null,"summary":"Strong foundations in algorithms, software engineering, and intelligent systems.","pillbox_title":"Tracks","pills":"Data Science\nWeb Science\nComputer Vision","learn_more_url":"\/adamson-ccit\/public\/index.php?page=programs_undergraduate#bscs","learn_more_external":0,"curriculum_url":"https:\/\/www.adamson.edu.ph\/","curriculum_external":1,"apply_url":"\/adamson-ccit\/public\/index.php?page=admission_freshman"},"updated_record":{"id":1,"is_active":1,"position":1,"slug":"bscs","badge":"BSCS","title":"B.S. in Computer Science","title_muted":null,"summary":"Strong foundations in algorithms, software engineering, and intelligent systems.","pillbox_title":"Tracks","pills":"Data Science\nWeb Science\nComputer Vision","learn_more_url":"\/adamson-ccit\/public\/index.php?page=programs_undergraduate#bscs","learn_more_external":0,"curriculum_url":"https:\/\/www.adamson.edu.ph\/","curriculum_external":1,"apply_url":"\/adamson-ccit\/public\/index.php?page=admission_freshman","created_at":"2025-09-12 14:04:49","updated_at":"2025-09-18 02:48:29"}}
[17-Sep-2025 21:04:00 Europe/Berlin] [Undefined array key "status"] in C:\xampp\htdocs\adamson-ccit\app\models\ProgramCard.php on line 24
[17-Sep-2025 21:04:12 Europe/Berlin] [Undefined array key "status"] in C:\xampp\htdocs\adamson-ccit\app\models\ProgramCard.php on line 24
[17-Sep-2025 21:59:09 Europe/Berlin] [Undefined array key "status"] in C:\xampp\htdocs\adamson-ccit\app\models\ProgramCard.php on line 24
[17-Sep-2025 22:22:13 Europe/Berlin] [Undefined array key "status"] in C:\xampp\htdocs\adamson-ccit\app\models\ProgramCard.php on line 24
[17-Sep-2025 22:26:23 Europe/Berlin] [Undefined array key "status"] in C:\xampp\htdocs\adamson-ccit\app\models\ProgramCard.php on line 24
[17-Sep-2025 22:26:33 Europe/Berlin] [Undefined array key "status"] in C:\xampp\htdocs\adamson-ccit\app\models\ProgramCard.php on line 24
[17-Sep-2025 22:31:13 Europe/Berlin] [Undefined array key "status"] in C:\xampp\htdocs\adamson-ccit\app\models\ProgramCard.php on line 24
[17-Sep-2025 22:35:17 Europe/Berlin] [Undefined array key "status"] in C:\xampp\htdocs\adamson-ccit\app\models\ProgramCard.php on line 24
[17-Sep-2025 22:38:48 Europe/Berlin] [Undefined array key "status"] in C:\xampp\htdocs\adamson-ccit\app\models\ProgramCard.php on line 24
[17-Sep-2025 22:56:59 Europe/Berlin] [Undefined array key "title"] in C:\xampp\htdocs\adamson-ccit\app\views\admin\admin_student_scholarships.php on line 152
[17-Sep-2025 22:56:59 Europe/Berlin] [Undefined array key "amount"] in C:\xampp\htdocs\adamson-ccit\app\views\admin\admin_student_scholarships.php on line 155
[17-Sep-2025 22:56:59 Europe/Berlin] [Undefined array key "deadline"] in C:\xampp\htdocs\adamson-ccit\app\views\admin\admin_student_scholarships.php on line 156
[17-Sep-2025 22:56:59 Europe/Berlin] [Undefined array key "description"] in C:\xampp\htdocs\adamson-ccit\app\views\admin\admin_student_scholarships.php on line 158
[17-Sep-2025 22:56:59 Europe/Berlin] [substr(): Passing null to parameter #1 ($string) of type string is deprecated] in C:\xampp\htdocs\adamson-ccit\app\views\admin\admin_student_scholarships.php on line 158
[17-Sep-2025 22:56:59 Europe/Berlin] [Undefined array key "title"] in C:\xampp\htdocs\adamson-ccit\app\views\admin\admin_student_scholarships.php on line 169
[17-Sep-2025 22:56:59 Europe/Berlin] [Undefined array key "amount"] in C:\xampp\htdocs\adamson-ccit\app\views\admin\admin_student_scholarships.php on line 184
[17-Sep-2025 22:56:59 Europe/Berlin] [Undefined array key "deadline"] in C:\xampp\htdocs\adamson-ccit\app\views\admin\admin_student_scholarships.php on line 188
[17-Sep-2025 22:56:59 Europe/Berlin] [Undefined array key "description"] in C:\xampp\htdocs\adamson-ccit\app\views\admin\admin_student_scholarships.php on line 193
[17-Sep-2025 22:56:59 Europe/Berlin] [Undefined array key "eligibility"] in C:\xampp\htdocs\adamson-ccit\app\views\admin\admin_student_scholarships.php on line 198
[17-Sep-2025 22:56:59 Europe/Berlin] [Undefined array key "application_url"] in C:\xampp\htdocs\adamson-ccit\app\views\admin\admin_student_scholarships.php on line 207
[17-Sep-2025 22:56:59 Europe/Berlin] [Undefined array key "title"] in C:\xampp\htdocs\adamson-ccit\app\views\admin\admin_student_scholarships.php on line 152
[17-Sep-2025 22:56:59 Europe/Berlin] [Undefined array key "amount"] in C:\xampp\htdocs\adamson-ccit\app\views\admin\admin_student_scholarships.php on line 155
[17-Sep-2025 22:56:59 Europe/Berlin] [Undefined array key "deadline"] in C:\xampp\htdocs\adamson-ccit\app\views\admin\admin_student_scholarships.php on line 156
[17-Sep-2025 22:56:59 Europe/Berlin] [Undefined array key "description"] in C:\xampp\htdocs\adamson-ccit\app\views\admin\admin_student_scholarships.php on line 158
[17-Sep-2025 22:56:59 Europe/Berlin] [substr(): Passing null to parameter #1 ($string) of type string is deprecated] in C:\xampp\htdocs\adamson-ccit\app\views\admin\admin_student_scholarships.php on line 158
[17-Sep-2025 22:56:59 Europe/Berlin] [Undefined array key "title"] in C:\xampp\htdocs\adamson-ccit\app\views\admin\admin_student_scholarships.php on line 169
[17-Sep-2025 22:56:59 Europe/Berlin] [Undefined array key "amount"] in C:\xampp\htdocs\adamson-ccit\app\views\admin\admin_student_scholarships.php on line 184
[17-Sep-2025 22:56:59 Europe/Berlin] [Undefined array key "deadline"] in C:\xampp\htdocs\adamson-ccit\app\views\admin\admin_student_scholarships.php on line 188
[17-Sep-2025 22:56:59 Europe/Berlin] [Undefined array key "description"] in C:\xampp\htdocs\adamson-ccit\app\views\admin\admin_student_scholarships.php on line 193
[17-Sep-2025 22:56:59 Europe/Berlin] [Undefined array key "eligibility"] in C:\xampp\htdocs\adamson-ccit\app\views\admin\admin_student_scholarships.php on line 198
[17-Sep-2025 22:56:59 Europe/Berlin] [Undefined array key "application_url"] in C:\xampp\htdocs\adamson-ccit\app\views\admin\admin_student_scholarships.php on line 207
[17-Sep-2025 22:56:59 Europe/Berlin] [Undefined array key "title"] in C:\xampp\htdocs\adamson-ccit\app\views\admin\admin_student_scholarships.php on line 152
[17-Sep-2025 22:56:59 Europe/Berlin] [Undefined array key "amount"] in C:\xampp\htdocs\adamson-ccit\app\views\admin\admin_student_scholarships.php on line 155
[17-Sep-2025 22:56:59 Europe/Berlin] [Undefined array key "deadline"] in C:\xampp\htdocs\adamson-ccit\app\views\admin\admin_student_scholarships.php on line 156
[17-Sep-2025 22:56:59 Europe/Berlin] [Undefined array key "description"] in C:\xampp\htdocs\adamson-ccit\app\views\admin\admin_student_scholarships.php on line 158
[17-Sep-2025 22:56:59 Europe/Berlin] [substr(): Passing null to parameter #1 ($string) of type string is deprecated] in C:\xampp\htdocs\adamson-ccit\app\views\admin\admin_student_scholarships.php on line 158
[17-Sep-2025 22:56:59 Europe/Berlin] [Undefined array key "title"] in C:\xampp\htdocs\adamson-ccit\app\views\admin\admin_student_scholarships.php on line 169
[17-Sep-2025 22:56:59 Europe/Berlin] [Undefined array key "amount"] in C:\xampp\htdocs\adamson-ccit\app\views\admin\admin_student_scholarships.php on line 184
[17-Sep-2025 22:56:59 Europe/Berlin] [Undefined array key "deadline"] in C:\xampp\htdocs\adamson-ccit\app\views\admin\admin_student_scholarships.php on line 188
[17-Sep-2025 22:56:59 Europe/Berlin] [Undefined array key "description"] in C:\xampp\htdocs\adamson-ccit\app\views\admin\admin_student_scholarships.php on line 193
[17-Sep-2025 22:56:59 Europe/Berlin] [Undefined array key "eligibility"] in C:\xampp\htdocs\adamson-ccit\app\views\admin\admin_student_scholarships.php on line 198
[17-Sep-2025 22:56:59 Europe/Berlin] [Undefined array key "application_url"] in C:\xampp\htdocs\adamson-ccit\app\views\admin\admin_student_scholarships.php on line 207
[17-Sep-2025 22:57:01 Europe/Berlin] [Undefined array key "type"] in C:\xampp\htdocs\adamson-ccit\app\views\admin\admin_student_research.php on line 168
[17-Sep-2025 22:57:01 Europe/Berlin] [Undefined array key "status"] in C:\xampp\htdocs\adamson-ccit\app\views\admin\admin_student_research.php on line 171
[17-Sep-2025 22:57:01 Europe/Berlin] [Undefined array key "abstract"] in C:\xampp\htdocs\adamson-ccit\app\views\admin\admin_student_research.php on line 173
[17-Sep-2025 22:57:01 Europe/Berlin] [substr(): Passing null to parameter #1 ($string) of type string is deprecated] in C:\xampp\htdocs\adamson-ccit\app\views\admin\admin_student_research.php on line 173
[17-Sep-2025 22:57:01 Europe/Berlin] [Undefined array key "type"] in C:\xampp\htdocs\adamson-ccit\app\views\admin\admin_student_research.php on line 189
[17-Sep-2025 22:57:01 Europe/Berlin] [Undefined array key "type"] in C:\xampp\htdocs\adamson-ccit\app\views\admin\admin_student_research.php on line 190
[17-Sep-2025 22:57:01 Europe/Berlin] [Undefined array key "type"] in C:\xampp\htdocs\adamson-ccit\app\views\admin\admin_student_research.php on line 191
[17-Sep-2025 22:57:01 Europe/Berlin] [Undefined array key "type"] in C:\xampp\htdocs\adamson-ccit\app\views\admin\admin_student_research.php on line 192
[17-Sep-2025 22:57:01 Europe/Berlin] [Undefined array key "abstract"] in C:\xampp\htdocs\adamson-ccit\app\views\admin\admin_student_research.php on line 208
[17-Sep-2025 22:57:01 Europe/Berlin] [Undefined array key "advisor"] in C:\xampp\htdocs\adamson-ccit\app\views\admin\admin_student_research.php on line 213
[17-Sep-2025 22:57:01 Europe/Berlin] [Undefined array key "department"] in C:\xampp\htdocs\adamson-ccit\app\views\admin\admin_student_research.php on line 217
[17-Sep-2025 22:57:01 Europe/Berlin] [Undefined array key "keywords"] in C:\xampp\htdocs\adamson-ccit\app\views\admin\admin_student_research.php on line 223
[17-Sep-2025 22:57:01 Europe/Berlin] [Undefined array key "status"] in C:\xampp\htdocs\adamson-ccit\app\views\admin\admin_student_research.php on line 228
[17-Sep-2025 22:57:01 Europe/Berlin] [Undefined array key "status"] in C:\xampp\htdocs\adamson-ccit\app\views\admin\admin_student_research.php on line 229
[17-Sep-2025 22:57:01 Europe/Berlin] [Undefined array key "status"] in C:\xampp\htdocs\adamson-ccit\app\views\admin\admin_student_research.php on line 230
[17-Sep-2025 22:57:01 Europe/Berlin] [Undefined array key "full_text_url"] in C:\xampp\htdocs\adamson-ccit\app\views\admin\admin_student_research.php on line 236
[17-Sep-2025 22:57:01 Europe/Berlin] [Undefined array key "type"] in C:\xampp\htdocs\adamson-ccit\app\views\admin\admin_student_research.php on line 168
[17-Sep-2025 22:57:01 Europe/Berlin] [Undefined array key "status"] in C:\xampp\htdocs\adamson-ccit\app\views\admin\admin_student_research.php on line 171
[17-Sep-2025 22:57:01 Europe/Berlin] [Undefined array key "abstract"] in C:\xampp\htdocs\adamson-ccit\app\views\admin\admin_student_research.php on line 173
[17-Sep-2025 22:57:01 Europe/Berlin] [substr(): Passing null to parameter #1 ($string) of type string is deprecated] in C:\xampp\htdocs\adamson-ccit\app\views\admin\admin_student_research.php on line 173
[17-Sep-2025 22:57:01 Europe/Berlin] [Undefined array key "type"] in C:\xampp\htdocs\adamson-ccit\app\views\admin\admin_student_research.php on line 189
[17-Sep-2025 22:57:01 Europe/Berlin] [Undefined array key "type"] in C:\xampp\htdocs\adamson-ccit\app\views\admin\admin_student_research.php on line 190
[17-Sep-2025 22:57:01 Europe/Berlin] [Undefined array key "type"] in C:\xampp\htdocs\adamson-ccit\app\views\admin\admin_student_research.php on line 191
[17-Sep-2025 22:57:01 Europe/Berlin] [Undefined array key "type"] in C:\xampp\htdocs\adamson-ccit\app\views\admin\admin_student_research.php on line 192
[17-Sep-2025 22:57:01 Europe/Berlin] [Undefined array key "abstract"] in C:\xampp\htdocs\adamson-ccit\app\views\admin\admin_student_research.php on line 208
[17-Sep-2025 22:57:01 Europe/Berlin] [Undefined array key "advisor"] in C:\xampp\htdocs\adamson-ccit\app\views\admin\admin_student_research.php on line 213
[17-Sep-2025 22:57:01 Europe/Berlin] [Undefined array key "department"] in C:\xampp\htdocs\adamson-ccit\app\views\admin\admin_student_research.php on line 217
[17-Sep-2025 22:57:01 Europe/Berlin] [Undefined array key "keywords"] in C:\xampp\htdocs\adamson-ccit\app\views\admin\admin_student_research.php on line 223
[17-Sep-2025 22:57:01 Europe/Berlin] [Undefined array key "status"] in C:\xampp\htdocs\adamson-ccit\app\views\admin\admin_student_research.php on line 228
[17-Sep-2025 22:57:01 Europe/Berlin] [Undefined array key "status"] in C:\xampp\htdocs\adamson-ccit\app\views\admin\admin_student_research.php on line 229
[17-Sep-2025 22:57:01 Europe/Berlin] [Undefined array key "status"] in C:\xampp\htdocs\adamson-ccit\app\views\admin\admin_student_research.php on line 230
[17-Sep-2025 22:57:01 Europe/Berlin] [Undefined array key "full_text_url"] in C:\xampp\htdocs\adamson-ccit\app\views\admin\admin_student_research.php on line 236
[17-Sep-2025 22:57:01 Europe/Berlin] [Undefined array key "type"] in C:\xampp\htdocs\adamson-ccit\app\views\admin\admin_student_research.php on line 168
[17-Sep-2025 22:57:01 Europe/Berlin] [Undefined array key "status"] in C:\xampp\htdocs\adamson-ccit\app\views\admin\admin_student_research.php on line 171
[17-Sep-2025 22:57:01 Europe/Berlin] [Undefined array key "abstract"] in C:\xampp\htdocs\adamson-ccit\app\views\admin\admin_student_research.php on line 173
[17-Sep-2025 22:57:01 Europe/Berlin] [substr(): Passing null to parameter #1 ($string) of type string is deprecated] in C:\xampp\htdocs\adamson-ccit\app\views\admin\admin_student_research.php on line 173
[17-Sep-2025 22:57:01 Europe/Berlin] [Undefined array key "type"] in C:\xampp\htdocs\adamson-ccit\app\views\admin\admin_student_research.php on line 189
[17-Sep-2025 22:57:01 Europe/Berlin] [Undefined array key "type"] in C:\xampp\htdocs\adamson-ccit\app\views\admin\admin_student_research.php on line 190
[17-Sep-2025 22:57:01 Europe/Berlin] [Undefined array key "type"] in C:\xampp\htdocs\adamson-ccit\app\views\admin\admin_student_research.php on line 191
[17-Sep-2025 22:57:01 Europe/Berlin] [Undefined array key "type"] in C:\xampp\htdocs\adamson-ccit\app\views\admin\admin_student_research.php on line 192
[17-Sep-2025 22:57:01 Europe/Berlin] [Undefined array key "abstract"] in C:\xampp\htdocs\adamson-ccit\app\views\admin\admin_student_research.php on line 208
[17-Sep-2025 22:57:01 Europe/Berlin] [Undefined array key "advisor"] in C:\xampp\htdocs\adamson-ccit\app\views\admin\admin_student_research.php on line 213
[17-Sep-2025 22:57:01 Europe/Berlin] [Undefined array key "department"] in C:\xampp\htdocs\adamson-ccit\app\views\admin\admin_student_research.php on line 217
[17-Sep-2025 22:57:01 Europe/Berlin] [Undefined array key "keywords"] in C:\xampp\htdocs\adamson-ccit\app\views\admin\admin_student_research.php on line 223
[17-Sep-2025 22:57:01 Europe/Berlin] [Undefined array key "status"] in C:\xampp\htdocs\adamson-ccit\app\views\admin\admin_student_research.php on line 228
[17-Sep-2025 22:57:01 Europe/Berlin] [Undefined array key "status"] in C:\xampp\htdocs\adamson-ccit\app\views\admin\admin_student_research.php on line 229
[17-Sep-2025 22:57:01 Europe/Berlin] [Undefined array key "status"] in C:\xampp\htdocs\adamson-ccit\app\views\admin\admin_student_research.php on line 230
[17-Sep-2025 22:57:01 Europe/Berlin] [Undefined array key "full_text_url"] in C:\xampp\htdocs\adamson-ccit\app\views\admin\admin_student_research.php on line 236
[17-Sep-2025 22:57:02 Europe/Berlin] [Undefined array key "category"] in C:\xampp\htdocs\adamson-ccit\app\views\admin\admin_student_certifications.php on line 174
[17-Sep-2025 22:57:02 Europe/Berlin] [Undefined array key "provider"] in C:\xampp\htdocs\adamson-ccit\app\views\admin\admin_student_certifications.php on line 175
[17-Sep-2025 22:57:02 Europe/Berlin] [Undefined array key "level"] in C:\xampp\htdocs\adamson-ccit\app\views\admin\admin_student_certifications.php on line 176
[17-Sep-2025 22:57:02 Europe/Berlin] [Undefined array key "cost"] in C:\xampp\htdocs\adamson-ccit\app\views\admin\admin_student_certifications.php on line 177
[17-Sep-2025 22:57:02 Europe/Berlin] [Undefined array key "provider"] in C:\xampp\htdocs\adamson-ccit\app\views\admin\admin_student_certifications.php on line 194
[17-Sep-2025 22:57:02 Europe/Berlin] [Undefined array key "category"] in C:\xampp\htdocs\adamson-ccit\app\views\admin\admin_student_certifications.php on line 201
[17-Sep-2025 22:57:02 Europe/Berlin] [Undefined array key "category"] in C:\xampp\htdocs\adamson-ccit\app\views\admin\admin_student_certifications.php on line 202
[17-Sep-2025 22:57:02 Europe/Berlin] [Undefined array key "category"] in C:\xampp\htdocs\adamson-ccit\app\views\admin\admin_student_certifications.php on line 203
[17-Sep-2025 22:57:02 Europe/Berlin] [Undefined array key "category"] in C:\xampp\htdocs\adamson-ccit\app\views\admin\admin_student_certifications.php on line 204
[17-Sep-2025 22:57:02 Europe/Berlin] [Undefined array key "category"] in C:\xampp\htdocs\adamson-ccit\app\views\admin\admin_student_certifications.php on line 205
[17-Sep-2025 22:57:02 Europe/Berlin] [Undefined array key "category"] in C:\xampp\htdocs\adamson-ccit\app\views\admin\admin_student_certifications.php on line 206
[17-Sep-2025 22:57:02 Europe/Berlin] [Undefined array key "category"] in C:\xampp\htdocs\adamson-ccit\app\views\admin\admin_student_certifications.php on line 207
[17-Sep-2025 22:57:02 Europe/Berlin] [Undefined array key "category"] in C:\xampp\htdocs\adamson-ccit\app\views\admin\admin_student_certifications.php on line 208
[17-Sep-2025 22:57:02 Europe/Berlin] [Undefined array key "category"] in C:\xampp\htdocs\adamson-ccit\app\views\admin\admin_student_certifications.php on line 209
[17-Sep-2025 22:57:02 Europe/Berlin] [Undefined array key "level"] in C:\xampp\htdocs\adamson-ccit\app\views\admin\admin_student_certifications.php on line 215
[17-Sep-2025 22:57:02 Europe/Berlin] [Undefined array key "level"] in C:\xampp\htdocs\adamson-ccit\app\views\admin\admin_student_certifications.php on line 216
[17-Sep-2025 22:57:02 Europe/Berlin] [Undefined array key "level"] in C:\xampp\htdocs\adamson-ccit\app\views\admin\admin_student_certifications.php on line 217
[17-Sep-2025 22:57:02 Europe/Berlin] [Undefined array key "level"] in C:\xampp\htdocs\adamson-ccit\app\views\admin\admin_student_certifications.php on line 218
[17-Sep-2025 22:57:02 Europe/Berlin] [Undefined array key "prerequisites"] in C:\xampp\htdocs\adamson-ccit\app\views\admin\admin_student_certifications.php on line 229
[17-Sep-2025 22:57:02 Europe/Berlin] [Undefined array key "duration"] in C:\xampp\htdocs\adamson-ccit\app\views\admin\admin_student_certifications.php on line 233
[17-Sep-2025 22:57:02 Europe/Berlin] [Undefined array key "cost"] in C:\xampp\htdocs\adamson-ccit\app\views\admin\admin_student_certifications.php on line 239
[17-Sep-2025 22:57:02 Europe/Berlin] [Undefined array key "validity"] in C:\xampp\htdocs\adamson-ccit\app\views\admin\admin_student_certifications.php on line 243
[17-Sep-2025 22:57:02 Europe/Berlin] [Undefined array key "more_info_url"] in C:\xampp\htdocs\adamson-ccit\app\views\admin\admin_student_certifications.php on line 248
[17-Sep-2025 22:57:02 Europe/Berlin] [Undefined array key "category"] in C:\xampp\htdocs\adamson-ccit\app\views\admin\admin_student_certifications.php on line 174
[17-Sep-2025 22:57:02 Europe/Berlin] [Undefined array key "provider"] in C:\xampp\htdocs\adamson-ccit\app\views\admin\admin_student_certifications.php on line 175
[17-Sep-2025 22:57:02 Europe/Berlin] [Undefined array key "level"] in C:\xampp\htdocs\adamson-ccit\app\views\admin\admin_student_certifications.php on line 176
[17-Sep-2025 22:57:02 Europe/Berlin] [Undefined array key "cost"] in C:\xampp\htdocs\adamson-ccit\app\views\admin\admin_student_certifications.php on line 177
[17-Sep-2025 22:57:02 Europe/Berlin] [Undefined array key "provider"] in C:\xampp\htdocs\adamson-ccit\app\views\admin\admin_student_certifications.php on line 194
[17-Sep-2025 22:57:02 Europe/Berlin] [Undefined array key "category"] in C:\xampp\htdocs\adamson-ccit\app\views\admin\admin_student_certifications.php on line 201
[17-Sep-2025 22:57:02 Europe/Berlin] [Undefined array key "category"] in C:\xampp\htdocs\adamson-ccit\app\views\admin\admin_student_certifications.php on line 202
[17-Sep-2025 22:57:02 Europe/Berlin] [Undefined array key "category"] in C:\xampp\htdocs\adamson-ccit\app\views\admin\admin_student_certifications.php on line 203
[17-Sep-2025 22:57:02 Europe/Berlin] [Undefined array key "category"] in C:\xampp\htdocs\adamson-ccit\app\views\admin\admin_student_certifications.php on line 204
[17-Sep-2025 22:57:02 Europe/Berlin] [Undefined array key "category"] in C:\xampp\htdocs\adamson-ccit\app\views\admin\admin_student_certifications.php on line 205
[17-Sep-2025 22:57:02 Europe/Berlin] [Undefined array key "category"] in C:\xampp\htdocs\adamson-ccit\app\views\admin\admin_student_certifications.php on line 206
[17-Sep-2025 22:57:02 Europe/Berlin] [Undefined array key "category"] in C:\xampp\htdocs\adamson-ccit\app\views\admin\admin_student_certifications.php on line 207
[17-Sep-2025 22:57:02 Europe/Berlin] [Undefined array key "category"] in C:\xampp\htdocs\adamson-ccit\app\views\admin\admin_student_certifications.php on line 208
[17-Sep-2025 22:57:02 Europe/Berlin] [Undefined array key "category"] in C:\xampp\htdocs\adamson-ccit\app\views\admin\admin_student_certifications.php on line 209
[17-Sep-2025 22:57:02 Europe/Berlin] [Undefined array key "level"] in C:\xampp\htdocs\adamson-ccit\app\views\admin\admin_student_certifications.php on line 215
[17-Sep-2025 22:57:02 Europe/Berlin] [Undefined array key "level"] in C:\xampp\htdocs\adamson-ccit\app\views\admin\admin_student_certifications.php on line 216
[17-Sep-2025 22:57:02 Europe/Berlin] [Undefined array key "level"] in C:\xampp\htdocs\adamson-ccit\app\views\admin\admin_student_certifications.php on line 217
[17-Sep-2025 22:57:02 Europe/Berlin] [Undefined array key "level"] in C:\xampp\htdocs\adamson-ccit\app\views\admin\admin_student_certifications.php on line 218
[17-Sep-2025 22:57:02 Europe/Berlin] [Undefined array key "prerequisites"] in C:\xampp\htdocs\adamson-ccit\app\views\admin\admin_student_certifications.php on line 229
[17-Sep-2025 22:57:02 Europe/Berlin] [Undefined array key "duration"] in C:\xampp\htdocs\adamson-ccit\app\views\admin\admin_student_certifications.php on line 233
[17-Sep-2025 22:57:02 Europe/Berlin] [Undefined array key "cost"] in C:\xampp\htdocs\adamson-ccit\app\views\admin\admin_student_certifications.php on line 239
[17-Sep-2025 22:57:02 Europe/Berlin] [Undefined array key "validity"] in C:\xampp\htdocs\adamson-ccit\app\views\admin\admin_student_certifications.php on line 243
[17-Sep-2025 22:57:02 Europe/Berlin] [Undefined array key "more_info_url"] in C:\xampp\htdocs\adamson-ccit\app\views\admin\admin_student_certifications.php on line 248
[17-Sep-2025 22:57:02 Europe/Berlin] [Undefined array key "category"] in C:\xampp\htdocs\adamson-ccit\app\views\admin\admin_student_certifications.php on line 174
[17-Sep-2025 22:57:02 Europe/Berlin] [Undefined array key "provider"] in C:\xampp\htdocs\adamson-ccit\app\views\admin\admin_student_certifications.php on line 175
[17-Sep-2025 22:57:02 Europe/Berlin] [Undefined array key "level"] in C:\xampp\htdocs\adamson-ccit\app\views\admin\admin_student_certifications.php on line 176
[17-Sep-2025 22:57:02 Europe/Berlin] [Undefined array key "cost"] in C:\xampp\htdocs\adamson-ccit\app\views\admin\admin_student_certifications.php on line 177
[17-Sep-2025 22:57:02 Europe/Berlin] [Undefined array key "provider"] in C:\xampp\htdocs\adamson-ccit\app\views\admin\admin_student_certifications.php on line 194
[17-Sep-2025 22:57:02 Europe/Berlin] [Undefined array key "category"] in C:\xampp\htdocs\adamson-ccit\app\views\admin\admin_student_certifications.php on line 201
[17-Sep-2025 22:57:02 Europe/Berlin] [Undefined array key "category"] in C:\xampp\htdocs\adamson-ccit\app\views\admin\admin_student_certifications.php on line 202
[17-Sep-2025 22:57:02 Europe/Berlin] [Undefined array key "category"] in C:\xampp\htdocs\adamson-ccit\app\views\admin\admin_student_certifications.php on line 203
[17-Sep-2025 22:57:02 Europe/Berlin] [Undefined array key "category"] in C:\xampp\htdocs\adamson-ccit\app\views\admin\admin_student_certifications.php on line 204
[17-Sep-2025 22:57:02 Europe/Berlin] [Undefined array key "category"] in C:\xampp\htdocs\adamson-ccit\app\views\admin\admin_student_certifications.php on line 205
[17-Sep-2025 22:57:02 Europe/Berlin] [Undefined array key "category"] in C:\xampp\htdocs\adamson-ccit\app\views\admin\admin_student_certifications.php on line 206
[17-Sep-2025 22:57:02 Europe/Berlin] [Undefined array key "category"] in C:\xampp\htdocs\adamson-ccit\app\views\admin\admin_student_certifications.php on line 207
[17-Sep-2025 22:57:02 Europe/Berlin] [Undefined array key "category"] in C:\xampp\htdocs\adamson-ccit\app\views\admin\admin_student_certifications.php on line 208
[17-Sep-2025 22:57:02 Europe/Berlin] [Undefined array key "category"] in C:\xampp\htdocs\adamson-ccit\app\views\admin\admin_student_certifications.php on line 209
[17-Sep-2025 22:57:02 Europe/Berlin] [Undefined array key "level"] in C:\xampp\htdocs\adamson-ccit\app\views\admin\admin_student_certifications.php on line 215
[17-Sep-2025 22:57:02 Europe/Berlin] [Undefined array key "level"] in C:\xampp\htdocs\adamson-ccit\app\views\admin\admin_student_certifications.php on line 216
[17-Sep-2025 22:57:02 Europe/Berlin] [Undefined array key "level"] in C:\xampp\htdocs\adamson-ccit\app\views\admin\admin_student_certifications.php on line 217
[17-Sep-2025 22:57:02 Europe/Berlin] [Undefined array key "level"] in C:\xampp\htdocs\adamson-ccit\app\views\admin\admin_student_certifications.php on line 218
[17-Sep-2025 22:57:02 Europe/Berlin] [Undefined array key "prerequisites"] in C:\xampp\htdocs\adamson-ccit\app\views\admin\admin_student_certifications.php on line 229
[17-Sep-2025 22:57:02 Europe/Berlin] [Undefined array key "duration"] in C:\xampp\htdocs\adamson-ccit\app\views\admin\admin_student_certifications.php on line 233
[17-Sep-2025 22:57:02 Europe/Berlin] [Undefined array key "cost"] in C:\xampp\htdocs\adamson-ccit\app\views\admin\admin_student_certifications.php on line 239
[17-Sep-2025 22:57:02 Europe/Berlin] [Undefined array key "validity"] in C:\xampp\htdocs\adamson-ccit\app\views\admin\admin_student_certifications.php on line 243
[17-Sep-2025 22:57:02 Europe/Berlin] [Undefined array key "more_info_url"] in C:\xampp\htdocs\adamson-ccit\app\views\admin\admin_student_certifications.php on line 248
[17-Sep-2025 22:57:02 Europe/Berlin] [Undefined array key "category"] in C:\xampp\htdocs\adamson-ccit\app\views\admin\admin_student_certifications.php on line 174
[17-Sep-2025 22:57:02 Europe/Berlin] [Undefined array key "provider"] in C:\xampp\htdocs\adamson-ccit\app\views\admin\admin_student_certifications.php on line 175
[17-Sep-2025 22:57:02 Europe/Berlin] [Undefined array key "level"] in C:\xampp\htdocs\adamson-ccit\app\views\admin\admin_student_certifications.php on line 176
[17-Sep-2025 22:57:02 Europe/Berlin] [Undefined array key "cost"] in C:\xampp\htdocs\adamson-ccit\app\views\admin\admin_student_certifications.php on line 177
[17-Sep-2025 22:57:02 Europe/Berlin] [Undefined array key "provider"] in C:\xampp\htdocs\adamson-ccit\app\views\admin\admin_student_certifications.php on line 194
[17-Sep-2025 22:57:02 Europe/Berlin] [Undefined array key "category"] in C:\xampp\htdocs\adamson-ccit\app\views\admin\admin_student_certifications.php on line 201
[17-Sep-2025 22:57:02 Europe/Berlin] [Undefined array key "category"] in C:\xampp\htdocs\adamson-ccit\app\views\admin\admin_student_certifications.php on line 202
[17-Sep-2025 22:57:02 Europe/Berlin] [Undefined array key "category"] in C:\xampp\htdocs\adamson-ccit\app\views\admin\admin_student_certifications.php on line 203
[17-Sep-2025 22:57:02 Europe/Berlin] [Undefined array key "category"] in C:\xampp\htdocs\adamson-ccit\app\views\admin\admin_student_certifications.php on line 204
[17-Sep-2025 22:57:02 Europe/Berlin] [Undefined array key "category"] in C:\xampp\htdocs\adamson-ccit\app\views\admin\admin_student_certifications.php on line 205
[17-Sep-2025 22:57:02 Europe/Berlin] [Undefined array key "category"] in C:\xampp\htdocs\adamson-ccit\app\views\admin\admin_student_certifications.php on line 206
[17-Sep-2025 22:57:02 Europe/Berlin] [Undefined array key "category"] in C:\xampp\htdocs\adamson-ccit\app\views\admin\admin_student_certifications.php on line 207
[17-Sep-2025 22:57:02 Europe/Berlin] [Undefined array key "category"] in C:\xampp\htdocs\adamson-ccit\app\views\admin\admin_student_certifications.php on line 208
[17-Sep-2025 22:57:02 Europe/Berlin] [Undefined array key "category"] in C:\xampp\htdocs\adamson-ccit\app\views\admin\admin_student_certifications.php on line 209
[17-Sep-2025 22:57:02 Europe/Berlin] [Undefined array key "level"] in C:\xampp\htdocs\adamson-ccit\app\views\admin\admin_student_certifications.php on line 215
[17-Sep-2025 22:57:02 Europe/Berlin] [Undefined array key "level"] in C:\xampp\htdocs\adamson-ccit\app\views\admin\admin_student_certifications.php on line 216
[17-Sep-2025 22:57:02 Europe/Berlin] [Undefined array key "level"] in C:\xampp\htdocs\adamson-ccit\app\views\admin\admin_student_certifications.php on line 217
[17-Sep-2025 22:57:02 Europe/Berlin] [Undefined array key "level"] in C:\xampp\htdocs\adamson-ccit\app\views\admin\admin_student_certifications.php on line 218
[17-Sep-2025 22:57:02 Europe/Berlin] [Undefined array key "prerequisites"] in C:\xampp\htdocs\adamson-ccit\app\views\admin\admin_student_certifications.php on line 229
[17-Sep-2025 22:57:02 Europe/Berlin] [Undefined array key "duration"] in C:\xampp\htdocs\adamson-ccit\app\views\admin\admin_student_certifications.php on line 233
[17-Sep-2025 22:57:02 Europe/Berlin] [Undefined array key "cost"] in C:\xampp\htdocs\adamson-ccit\app\views\admin\admin_student_certifications.php on line 239
[17-Sep-2025 22:57:02 Europe/Berlin] [Undefined array key "validity"] in C:\xampp\htdocs\adamson-ccit\app\views\admin\admin_student_certifications.php on line 243
[17-Sep-2025 22:57:02 Europe/Berlin] [Undefined array key "more_info_url"] in C:\xampp\htdocs\adamson-ccit\app\views\admin\admin_student_certifications.php on line 248
[17-Sep-2025 22:57:14 Europe/Berlin] [Undefined array key "graduation_year"] in C:\xampp\htdocs\adamson-ccit\app\views\admin\admin_student_testimonials.php on line 162
[17-Sep-2025 22:57:14 Europe/Berlin] [Undefined array key "current_position"] in C:\xampp\htdocs\adamson-ccit\app\views\admin\admin_student_testimonials.php on line 163
[17-Sep-2025 22:57:14 Europe/Berlin] [Undefined array key "featured"] in C:\xampp\htdocs\adamson-ccit\app\views\admin\admin_student_testimonials.php on line 164
[17-Sep-2025 22:57:14 Europe/Berlin] [Undefined array key "testimonial_text"] in C:\xampp\htdocs\adamson-ccit\app\views\admin\admin_student_testimonials.php on line 168
[17-Sep-2025 22:57:14 Europe/Berlin] [substr(): Passing null to parameter #1 ($string) of type string is deprecated] in C:\xampp\htdocs\adamson-ccit\app\views\admin\admin_student_testimonials.php on line 168
[17-Sep-2025 22:57:14 Europe/Berlin] [Undefined array key "graduation_year"] in C:\xampp\htdocs\adamson-ccit\app\views\admin\admin_student_testimonials.php on line 189
[17-Sep-2025 22:57:14 Europe/Berlin] [Undefined array key "current_position"] in C:\xampp\htdocs\adamson-ccit\app\views\admin\admin_student_testimonials.php on line 193
[17-Sep-2025 22:57:14 Europe/Berlin] [Undefined array key "testimonial_text"] in C:\xampp\htdocs\adamson-ccit\app\views\admin\admin_student_testimonials.php on line 198
[17-Sep-2025 22:57:14 Europe/Berlin] [Undefined array key "photo_url"] in C:\xampp\htdocs\adamson-ccit\app\views\admin\admin_student_testimonials.php on line 203
[17-Sep-2025 22:57:14 Europe/Berlin] [Undefined array key "linkedin_url"] in C:\xampp\htdocs\adamson-ccit\app\views\admin\admin_student_testimonials.php on line 207
[17-Sep-2025 22:57:14 Europe/Berlin] [Undefined array key "featured"] in C:\xampp\htdocs\adamson-ccit\app\views\admin\admin_student_testimonials.php on line 214
[17-Sep-2025 22:57:14 Europe/Berlin] [Undefined array key "featured"] in C:\xampp\htdocs\adamson-ccit\app\views\admin\admin_student_testimonials.php on line 215
[17-Sep-2025 22:57:14 Europe/Berlin] [Undefined array key "status"] in C:\xampp\htdocs\adamson-ccit\app\views\admin\admin_student_testimonials.php on line 221
[17-Sep-2025 22:57:14 Europe/Berlin] [Undefined array key "status"] in C:\xampp\htdocs\adamson-ccit\app\views\admin\admin_student_testimonials.php on line 222
[17-Sep-2025 22:57:14 Europe/Berlin] [Undefined array key "graduation_year"] in C:\xampp\htdocs\adamson-ccit\app\views\admin\admin_student_testimonials.php on line 162
[17-Sep-2025 22:57:14 Europe/Berlin] [Undefined array key "current_position"] in C:\xampp\htdocs\adamson-ccit\app\views\admin\admin_student_testimonials.php on line 163
[17-Sep-2025 22:57:14 Europe/Berlin] [Undefined array key "featured"] in C:\xampp\htdocs\adamson-ccit\app\views\admin\admin_student_testimonials.php on line 164
[17-Sep-2025 22:57:14 Europe/Berlin] [Undefined array key "testimonial_text"] in C:\xampp\htdocs\adamson-ccit\app\views\admin\admin_student_testimonials.php on line 168
[17-Sep-2025 22:57:14 Europe/Berlin] [substr(): Passing null to parameter #1 ($string) of type string is deprecated] in C:\xampp\htdocs\adamson-ccit\app\views\admin\admin_student_testimonials.php on line 168
[17-Sep-2025 22:57:14 Europe/Berlin] [Undefined array key "graduation_year"] in C:\xampp\htdocs\adamson-ccit\app\views\admin\admin_student_testimonials.php on line 189
[17-Sep-2025 22:57:14 Europe/Berlin] [Undefined array key "current_position"] in C:\xampp\htdocs\adamson-ccit\app\views\admin\admin_student_testimonials.php on line 193
[17-Sep-2025 22:57:14 Europe/Berlin] [Undefined array key "testimonial_text"] in C:\xampp\htdocs\adamson-ccit\app\views\admin\admin_student_testimonials.php on line 198
[17-Sep-2025 22:57:14 Europe/Berlin] [Undefined array key "photo_url"] in C:\xampp\htdocs\adamson-ccit\app\views\admin\admin_student_testimonials.php on line 203
[17-Sep-2025 22:57:14 Europe/Berlin] [Undefined array key "linkedin_url"] in C:\xampp\htdocs\adamson-ccit\app\views\admin\admin_student_testimonials.php on line 207
[17-Sep-2025 22:57:14 Europe/Berlin] [Undefined array key "featured"] in C:\xampp\htdocs\adamson-ccit\app\views\admin\admin_student_testimonials.php on line 214
[17-Sep-2025 22:57:14 Europe/Berlin] [Undefined array key "featured"] in C:\xampp\htdocs\adamson-ccit\app\views\admin\admin_student_testimonials.php on line 215
[17-Sep-2025 22:57:14 Europe/Berlin] [Undefined array key "status"] in C:\xampp\htdocs\adamson-ccit\app\views\admin\admin_student_testimonials.php on line 221
[17-Sep-2025 22:57:14 Europe/Berlin] [Undefined array key "status"] in C:\xampp\htdocs\adamson-ccit\app\views\admin\admin_student_testimonials.php on line 222
[17-Sep-2025 22:57:14 Europe/Berlin] [Undefined array key "graduation_year"] in C:\xampp\htdocs\adamson-ccit\app\views\admin\admin_student_testimonials.php on line 162
[17-Sep-2025 22:57:14 Europe/Berlin] [Undefined array key "current_position"] in C:\xampp\htdocs\adamson-ccit\app\views\admin\admin_student_testimonials.php on line 163
[17-Sep-2025 22:57:14 Europe/Berlin] [Undefined array key "featured"] in C:\xampp\htdocs\adamson-ccit\app\views\admin\admin_student_testimonials.php on line 164
[17-Sep-2025 22:57:14 Europe/Berlin] [Undefined array key "testimonial_text"] in C:\xampp\htdocs\adamson-ccit\app\views\admin\admin_student_testimonials.php on line 168
[17-Sep-2025 22:57:14 Europe/Berlin] [substr(): Passing null to parameter #1 ($string) of type string is deprecated] in C:\xampp\htdocs\adamson-ccit\app\views\admin\admin_student_testimonials.php on line 168
[17-Sep-2025 22:57:14 Europe/Berlin] [Undefined array key "graduation_year"] in C:\xampp\htdocs\adamson-ccit\app\views\admin\admin_student_testimonials.php on line 189
[17-Sep-2025 22:57:14 Europe/Berlin] [Undefined array key "current_position"] in C:\xampp\htdocs\adamson-ccit\app\views\admin\admin_student_testimonials.php on line 193
[17-Sep-2025 22:57:14 Europe/Berlin] [Undefined array key "testimonial_text"] in C:\xampp\htdocs\adamson-ccit\app\views\admin\admin_student_testimonials.php on line 198
[17-Sep-2025 22:57:14 Europe/Berlin] [Undefined array key "photo_url"] in C:\xampp\htdocs\adamson-ccit\app\views\admin\admin_student_testimonials.php on line 203
[17-Sep-2025 22:57:14 Europe/Berlin] [Undefined array key "linkedin_url"] in C:\xampp\htdocs\adamson-ccit\app\views\admin\admin_student_testimonials.php on line 207
[17-Sep-2025 22:57:14 Europe/Berlin] [Undefined array key "featured"] in C:\xampp\htdocs\adamson-ccit\app\views\admin\admin_student_testimonials.php on line 214
[17-Sep-2025 22:57:14 Europe/Berlin] [Undefined array key "featured"] in C:\xampp\htdocs\adamson-ccit\app\views\admin\admin_student_testimonials.php on line 215
[17-Sep-2025 22:57:14 Europe/Berlin] [Undefined array key "status"] in C:\xampp\htdocs\adamson-ccit\app\views\admin\admin_student_testimonials.php on line 221
[17-Sep-2025 22:57:14 Europe/Berlin] [Undefined array key "status"] in C:\xampp\htdocs\adamson-ccit\app\views\admin\admin_student_testimonials.php on line 222
[17-Sep-2025 22:57:14 Europe/Berlin] [Undefined array key "graduation_year"] in C:\xampp\htdocs\adamson-ccit\app\views\admin\admin_student_testimonials.php on line 162
[17-Sep-2025 22:57:14 Europe/Berlin] [Undefined array key "current_position"] in C:\xampp\htdocs\adamson-ccit\app\views\admin\admin_student_testimonials.php on line 163
[17-Sep-2025 22:57:14 Europe/Berlin] [Undefined array key "featured"] in C:\xampp\htdocs\adamson-ccit\app\views\admin\admin_student_testimonials.php on line 164
[17-Sep-2025 22:57:14 Europe/Berlin] [Undefined array key "testimonial_text"] in C:\xampp\htdocs\adamson-ccit\app\views\admin\admin_student_testimonials.php on line 168
[17-Sep-2025 22:57:14 Europe/Berlin] [substr(): Passing null to parameter #1 ($string) of type string is deprecated] in C:\xampp\htdocs\adamson-ccit\app\views\admin\admin_student_testimonials.php on line 168
[17-Sep-2025 22:57:14 Europe/Berlin] [Undefined array key "graduation_year"] in C:\xampp\htdocs\adamson-ccit\app\views\admin\admin_student_testimonials.php on line 189
[17-Sep-2025 22:57:14 Europe/Berlin] [Undefined array key "current_position"] in C:\xampp\htdocs\adamson-ccit\app\views\admin\admin_student_testimonials.php on line 193
[17-Sep-2025 22:57:14 Europe/Berlin] [Undefined array key "testimonial_text"] in C:\xampp\htdocs\adamson-ccit\app\views\admin\admin_student_testimonials.php on line 198
[17-Sep-2025 22:57:14 Europe/Berlin] [Undefined array key "photo_url"] in C:\xampp\htdocs\adamson-ccit\app\views\admin\admin_student_testimonials.php on line 203
[17-Sep-2025 22:57:14 Europe/Berlin] [Undefined array key "linkedin_url"] in C:\xampp\htdocs\adamson-ccit\app\views\admin\admin_student_testimonials.php on line 207
[17-Sep-2025 22:57:14 Europe/Berlin] [Undefined array key "featured"] in C:\xampp\htdocs\adamson-ccit\app\views\admin\admin_student_testimonials.php on line 214
[17-Sep-2025 22:57:14 Europe/Berlin] [Undefined array key "featured"] in C:\xampp\htdocs\adamson-ccit\app\views\admin\admin_student_testimonials.php on line 215
[17-Sep-2025 22:57:14 Europe/Berlin] [Undefined array key "status"] in C:\xampp\htdocs\adamson-ccit\app\views\admin\admin_student_testimonials.php on line 221
[17-Sep-2025 22:57:14 Europe/Berlin] [Undefined array key "status"] in C:\xampp\htdocs\adamson-ccit\app\views\admin\admin_student_testimonials.php on line 222
[17-Sep-2025 23:13:22 Europe/Berlin] [Undefined array key "graduation_year"] in C:\xampp\htdocs\adamson-ccit\app\views\admin\admin_student_testimonials.php on line 164
[17-Sep-2025 23:13:22 Europe/Berlin] [Undefined array key "current_position"] in C:\xampp\htdocs\adamson-ccit\app\views\admin\admin_student_testimonials.php on line 165
[17-Sep-2025 23:13:22 Europe/Berlin] [Undefined array key "featured"] in C:\xampp\htdocs\adamson-ccit\app\views\admin\admin_student_testimonials.php on line 166
[17-Sep-2025 23:13:22 Europe/Berlin] [Undefined array key "testimonial_text"] in C:\xampp\htdocs\adamson-ccit\app\views\admin\admin_student_testimonials.php on line 170
[17-Sep-2025 23:13:22 Europe/Berlin] [substr(): Passing null to parameter #1 ($string) of type string is deprecated] in C:\xampp\htdocs\adamson-ccit\app\views\admin\admin_student_testimonials.php on line 170
[17-Sep-2025 23:13:22 Europe/Berlin] [Undefined array key "graduation_year"] in C:\xampp\htdocs\adamson-ccit\app\views\admin\admin_student_testimonials.php on line 191
[17-Sep-2025 23:13:22 Europe/Berlin] [Undefined array key "current_position"] in C:\xampp\htdocs\adamson-ccit\app\views\admin\admin_student_testimonials.php on line 195
[17-Sep-2025 23:13:22 Europe/Berlin] [Undefined array key "testimonial_text"] in C:\xampp\htdocs\adamson-ccit\app\views\admin\admin_student_testimonials.php on line 200
[17-Sep-2025 23:13:22 Europe/Berlin] [Undefined array key "photo_url"] in C:\xampp\htdocs\adamson-ccit\app\views\admin\admin_student_testimonials.php on line 205
[17-Sep-2025 23:13:22 Europe/Berlin] [Undefined array key "linkedin_url"] in C:\xampp\htdocs\adamson-ccit\app\views\admin\admin_student_testimonials.php on line 209
[17-Sep-2025 23:13:22 Europe/Berlin] [Undefined array key "featured"] in C:\xampp\htdocs\adamson-ccit\app\views\admin\admin_student_testimonials.php on line 216
[17-Sep-2025 23:13:22 Europe/Berlin] [Undefined array key "featured"] in C:\xampp\htdocs\adamson-ccit\app\views\admin\admin_student_testimonials.php on line 217
[17-Sep-2025 23:13:22 Europe/Berlin] [Undefined array key "status"] in C:\xampp\htdocs\adamson-ccit\app\views\admin\admin_student_testimonials.php on line 223
[17-Sep-2025 23:13:22 Europe/Berlin] [Undefined array key "status"] in C:\xampp\htdocs\adamson-ccit\app\views\admin\admin_student_testimonials.php on line 224
[17-Sep-2025 23:13:22 Europe/Berlin] [Undefined array key "graduation_year"] in C:\xampp\htdocs\adamson-ccit\app\views\admin\admin_student_testimonials.php on line 164
[17-Sep-2025 23:13:22 Europe/Berlin] [Undefined array key "current_position"] in C:\xampp\htdocs\adamson-ccit\app\views\admin\admin_student_testimonials.php on line 165
[17-Sep-2025 23:13:22 Europe/Berlin] [Undefined array key "featured"] in C:\xampp\htdocs\adamson-ccit\app\views\admin\admin_student_testimonials.php on line 166
[17-Sep-2025 23:13:22 Europe/Berlin] [Undefined array key "testimonial_text"] in C:\xampp\htdocs\adamson-ccit\app\views\admin\admin_student_testimonials.php on line 170
[17-Sep-2025 23:13:22 Europe/Berlin] [substr(): Passing null to parameter #1 ($string) of type string is deprecated] in C:\xampp\htdocs\adamson-ccit\app\views\admin\admin_student_testimonials.php on line 170
[17-Sep-2025 23:13:22 Europe/Berlin] [Undefined array key "graduation_year"] in C:\xampp\htdocs\adamson-ccit\app\views\admin\admin_student_testimonials.php on line 191
[17-Sep-2025 23:13:22 Europe/Berlin] [Undefined array key "current_position"] in C:\xampp\htdocs\adamson-ccit\app\views\admin\admin_student_testimonials.php on line 195
[17-Sep-2025 23:13:22 Europe/Berlin] [Undefined array key "testimonial_text"] in C:\xampp\htdocs\adamson-ccit\app\views\admin\admin_student_testimonials.php on line 200
[17-Sep-2025 23:13:22 Europe/Berlin] [Undefined array key "photo_url"] in C:\xampp\htdocs\adamson-ccit\app\views\admin\admin_student_testimonials.php on line 205
[17-Sep-2025 23:13:22 Europe/Berlin] [Undefined array key "linkedin_url"] in C:\xampp\htdocs\adamson-ccit\app\views\admin\admin_student_testimonials.php on line 209
[17-Sep-2025 23:13:22 Europe/Berlin] [Undefined array key "featured"] in C:\xampp\htdocs\adamson-ccit\app\views\admin\admin_student_testimonials.php on line 216
[17-Sep-2025 23:13:22 Europe/Berlin] [Undefined array key "featured"] in C:\xampp\htdocs\adamson-ccit\app\views\admin\admin_student_testimonials.php on line 217
[17-Sep-2025 23:13:22 Europe/Berlin] [Undefined array key "status"] in C:\xampp\htdocs\adamson-ccit\app\views\admin\admin_student_testimonials.php on line 223
[17-Sep-2025 23:13:22 Europe/Berlin] [Undefined array key "status"] in C:\xampp\htdocs\adamson-ccit\app\views\admin\admin_student_testimonials.php on line 224
[17-Sep-2025 23:13:22 Europe/Berlin] [Undefined array key "graduation_year"] in C:\xampp\htdocs\adamson-ccit\app\views\admin\admin_student_testimonials.php on line 164
[17-Sep-2025 23:13:22 Europe/Berlin] [Undefined array key "current_position"] in C:\xampp\htdocs\adamson-ccit\app\views\admin\admin_student_testimonials.php on line 165
[17-Sep-2025 23:13:22 Europe/Berlin] [Undefined array key "featured"] in C:\xampp\htdocs\adamson-ccit\app\views\admin\admin_student_testimonials.php on line 166
[17-Sep-2025 23:13:22 Europe/Berlin] [Undefined array key "testimonial_text"] in C:\xampp\htdocs\adamson-ccit\app\views\admin\admin_student_testimonials.php on line 170
[17-Sep-2025 23:13:22 Europe/Berlin] [substr(): Passing null to parameter #1 ($string) of type string is deprecated] in C:\xampp\htdocs\adamson-ccit\app\views\admin\admin_student_testimonials.php on line 170
[17-Sep-2025 23:13:22 Europe/Berlin] [Undefined array key "graduation_year"] in C:\xampp\htdocs\adamson-ccit\app\views\admin\admin_student_testimonials.php on line 191
[17-Sep-2025 23:13:22 Europe/Berlin] [Undefined array key "current_position"] in C:\xampp\htdocs\adamson-ccit\app\views\admin\admin_student_testimonials.php on line 195
[17-Sep-2025 23:13:22 Europe/Berlin] [Undefined array key "testimonial_text"] in C:\xampp\htdocs\adamson-ccit\app\views\admin\admin_student_testimonials.php on line 200
[17-Sep-2025 23:13:22 Europe/Berlin] [Undefined array key "photo_url"] in C:\xampp\htdocs\adamson-ccit\app\views\admin\admin_student_testimonials.php on line 205
[17-Sep-2025 23:13:22 Europe/Berlin] [Undefined array key "linkedin_url"] in C:\xampp\htdocs\adamson-ccit\app\views\admin\admin_student_testimonials.php on line 209
[17-Sep-2025 23:13:22 Europe/Berlin] [Undefined array key "featured"] in C:\xampp\htdocs\adamson-ccit\app\views\admin\admin_student_testimonials.php on line 216
[17-Sep-2025 23:13:22 Europe/Berlin] [Undefined array key "featured"] in C:\xampp\htdocs\adamson-ccit\app\views\admin\admin_student_testimonials.php on line 217
[17-Sep-2025 23:13:22 Europe/Berlin] [Undefined array key "status"] in C:\xampp\htdocs\adamson-ccit\app\views\admin\admin_student_testimonials.php on line 223
[17-Sep-2025 23:13:22 Europe/Berlin] [Undefined array key "status"] in C:\xampp\htdocs\adamson-ccit\app\views\admin\admin_student_testimonials.php on line 224
[17-Sep-2025 23:13:22 Europe/Berlin] [Undefined array key "graduation_year"] in C:\xampp\htdocs\adamson-ccit\app\views\admin\admin_student_testimonials.php on line 164
[17-Sep-2025 23:13:22 Europe/Berlin] [Undefined array key "current_position"] in C:\xampp\htdocs\adamson-ccit\app\views\admin\admin_student_testimonials.php on line 165
[17-Sep-2025 23:13:22 Europe/Berlin] [Undefined array key "featured"] in C:\xampp\htdocs\adamson-ccit\app\views\admin\admin_student_testimonials.php on line 166
[17-Sep-2025 23:13:22 Europe/Berlin] [Undefined array key "testimonial_text"] in C:\xampp\htdocs\adamson-ccit\app\views\admin\admin_student_testimonials.php on line 170
[17-Sep-2025 23:13:22 Europe/Berlin] [substr(): Passing null to parameter #1 ($string) of type string is deprecated] in C:\xampp\htdocs\adamson-ccit\app\views\admin\admin_student_testimonials.php on line 170
[17-Sep-2025 23:13:22 Europe/Berlin] [Undefined array key "graduation_year"] in C:\xampp\htdocs\adamson-ccit\app\views\admin\admin_student_testimonials.php on line 191
[17-Sep-2025 23:13:22 Europe/Berlin] [Undefined array key "current_position"] in C:\xampp\htdocs\adamson-ccit\app\views\admin\admin_student_testimonials.php on line 195
[17-Sep-2025 23:13:22 Europe/Berlin] [Undefined array key "testimonial_text"] in C:\xampp\htdocs\adamson-ccit\app\views\admin\admin_student_testimonials.php on line 200
[17-Sep-2025 23:13:22 Europe/Berlin] [Undefined array key "photo_url"] in C:\xampp\htdocs\adamson-ccit\app\views\admin\admin_student_testimonials.php on line 205
[17-Sep-2025 23:13:22 Europe/Berlin] [Undefined array key "linkedin_url"] in C:\xampp\htdocs\adamson-ccit\app\views\admin\admin_student_testimonials.php on line 209
[17-Sep-2025 23:13:22 Europe/Berlin] [Undefined array key "featured"] in C:\xampp\htdocs\adamson-ccit\app\views\admin\admin_student_testimonials.php on line 216
[17-Sep-2025 23:13:22 Europe/Berlin] [Undefined array key "featured"] in C:\xampp\htdocs\adamson-ccit\app\views\admin\admin_student_testimonials.php on line 217
[17-Sep-2025 23:13:22 Europe/Berlin] [Undefined array key "status"] in C:\xampp\htdocs\adamson-ccit\app\views\admin\admin_student_testimonials.php on line 223
[17-Sep-2025 23:13:22 Europe/Berlin] [Undefined array key "status"] in C:\xampp\htdocs\adamson-ccit\app\views\admin\admin_student_testimonials.php on line 224
[17-Sep-2025 23:13:27 Europe/Berlin] [Undefined array key "category"] in C:\xampp\htdocs\adamson-ccit\app\views\admin\admin_student_certifications.php on line 176
[17-Sep-2025 23:13:27 Europe/Berlin] [Undefined array key "provider"] in C:\xampp\htdocs\adamson-ccit\app\views\admin\admin_student_certifications.php on line 177
[17-Sep-2025 23:13:27 Europe/Berlin] [Undefined array key "level"] in C:\xampp\htdocs\adamson-ccit\app\views\admin\admin_student_certifications.php on line 178
[17-Sep-2025 23:13:27 Europe/Berlin] [Undefined array key "cost"] in C:\xampp\htdocs\adamson-ccit\app\views\admin\admin_student_certifications.php on line 179
[17-Sep-2025 23:13:27 Europe/Berlin] [Undefined array key "provider"] in C:\xampp\htdocs\adamson-ccit\app\views\admin\admin_student_certifications.php on line 196
[17-Sep-2025 23:13:27 Europe/Berlin] [Undefined array key "category"] in C:\xampp\htdocs\adamson-ccit\app\views\admin\admin_student_certifications.php on line 203
[17-Sep-2025 23:13:27 Europe/Berlin] [Undefined array key "category"] in C:\xampp\htdocs\adamson-ccit\app\views\admin\admin_student_certifications.php on line 204
[17-Sep-2025 23:13:27 Europe/Berlin] [Undefined array key "category"] in C:\xampp\htdocs\adamson-ccit\app\views\admin\admin_student_certifications.php on line 205
[17-Sep-2025 23:13:27 Europe/Berlin] [Undefined array key "category"] in C:\xampp\htdocs\adamson-ccit\app\views\admin\admin_student_certifications.php on line 206
[17-Sep-2025 23:13:27 Europe/Berlin] [Undefined array key "category"] in C:\xampp\htdocs\adamson-ccit\app\views\admin\admin_student_certifications.php on line 207
[17-Sep-2025 23:13:27 Europe/Berlin] [Undefined array key "category"] in C:\xampp\htdocs\adamson-ccit\app\views\admin\admin_student_certifications.php on line 208
[17-Sep-2025 23:13:27 Europe/Berlin] [Undefined array key "category"] in C:\xampp\htdocs\adamson-ccit\app\views\admin\admin_student_certifications.php on line 209
[17-Sep-2025 23:13:27 Europe/Berlin] [Undefined array key "category"] in C:\xampp\htdocs\adamson-ccit\app\views\admin\admin_student_certifications.php on line 210
[17-Sep-2025 23:13:27 Europe/Berlin] [Undefined array key "category"] in C:\xampp\htdocs\adamson-ccit\app\views\admin\admin_student_certifications.php on line 211
[17-Sep-2025 23:13:27 Europe/Berlin] [Undefined array key "level"] in C:\xampp\htdocs\adamson-ccit\app\views\admin\admin_student_certifications.php on line 217
[17-Sep-2025 23:13:27 Europe/Berlin] [Undefined array key "level"] in C:\xampp\htdocs\adamson-ccit\app\views\admin\admin_student_certifications.php on line 218
[17-Sep-2025 23:13:27 Europe/Berlin] [Undefined array key "level"] in C:\xampp\htdocs\adamson-ccit\app\views\admin\admin_student_certifications.php on line 219
[17-Sep-2025 23:13:27 Europe/Berlin] [Undefined array key "level"] in C:\xampp\htdocs\adamson-ccit\app\views\admin\admin_student_certifications.php on line 220
[17-Sep-2025 23:13:27 Europe/Berlin] [Undefined array key "prerequisites"] in C:\xampp\htdocs\adamson-ccit\app\views\admin\admin_student_certifications.php on line 231
[17-Sep-2025 23:13:27 Europe/Berlin] [Undefined array key "duration"] in C:\xampp\htdocs\adamson-ccit\app\views\admin\admin_student_certifications.php on line 235
[17-Sep-2025 23:13:27 Europe/Berlin] [Undefined array key "cost"] in C:\xampp\htdocs\adamson-ccit\app\views\admin\admin_student_certifications.php on line 241
[17-Sep-2025 23:13:27 Europe/Berlin] [Undefined array key "validity"] in C:\xampp\htdocs\adamson-ccit\app\views\admin\admin_student_certifications.php on line 245
[17-Sep-2025 23:13:27 Europe/Berlin] [Undefined array key "more_info_url"] in C:\xampp\htdocs\adamson-ccit\app\views\admin\admin_student_certifications.php on line 250
[17-Sep-2025 23:13:27 Europe/Berlin] [Undefined array key "category"] in C:\xampp\htdocs\adamson-ccit\app\views\admin\admin_student_certifications.php on line 176
[17-Sep-2025 23:13:27 Europe/Berlin] [Undefined array key "provider"] in C:\xampp\htdocs\adamson-ccit\app\views\admin\admin_student_certifications.php on line 177
[17-Sep-2025 23:13:27 Europe/Berlin] [Undefined array key "level"] in C:\xampp\htdocs\adamson-ccit\app\views\admin\admin_student_certifications.php on line 178
[17-Sep-2025 23:13:27 Europe/Berlin] [Undefined array key "cost"] in C:\xampp\htdocs\adamson-ccit\app\views\admin\admin_student_certifications.php on line 179
[17-Sep-2025 23:13:27 Europe/Berlin] [Undefined array key "provider"] in C:\xampp\htdocs\adamson-ccit\app\views\admin\admin_student_certifications.php on line 196
[17-Sep-2025 23:13:27 Europe/Berlin] [Undefined array key "category"] in C:\xampp\htdocs\adamson-ccit\app\views\admin\admin_student_certifications.php on line 203
[17-Sep-2025 23:13:27 Europe/Berlin] [Undefined array key "category"] in C:\xampp\htdocs\adamson-ccit\app\views\admin\admin_student_certifications.php on line 204
[17-Sep-2025 23:13:27 Europe/Berlin] [Undefined array key "category"] in C:\xampp\htdocs\adamson-ccit\app\views\admin\admin_student_certifications.php on line 205
[17-Sep-2025 23:13:27 Europe/Berlin] [Undefined array key "category"] in C:\xampp\htdocs\adamson-ccit\app\views\admin\admin_student_certifications.php on line 206
[17-Sep-2025 23:13:27 Europe/Berlin] [Undefined array key "category"] in C:\xampp\htdocs\adamson-ccit\app\views\admin\admin_student_certifications.php on line 207
[17-Sep-2025 23:13:27 Europe/Berlin] [Undefined array key "category"] in C:\xampp\htdocs\adamson-ccit\app\views\admin\admin_student_certifications.php on line 208
[17-Sep-2025 23:13:27 Europe/Berlin] [Undefined array key "category"] in C:\xampp\htdocs\adamson-ccit\app\views\admin\admin_student_certifications.php on line 209
[17-Sep-2025 23:13:27 Europe/Berlin] [Undefined array key "category"] in C:\xampp\htdocs\adamson-ccit\app\views\admin\admin_student_certifications.php on line 210
[17-Sep-2025 23:13:27 Europe/Berlin] [Undefined array key "category"] in C:\xampp\htdocs\adamson-ccit\app\views\admin\admin_student_certifications.php on line 211
[17-Sep-2025 23:13:27 Europe/Berlin] [Undefined array key "level"] in C:\xampp\htdocs\adamson-ccit\app\views\admin\admin_student_certifications.php on line 217
[17-Sep-2025 23:13:27 Europe/Berlin] [Undefined array key "level"] in C:\xampp\htdocs\adamson-ccit\app\views\admin\admin_student_certifications.php on line 218
[17-Sep-2025 23:13:27 Europe/Berlin] [Undefined array key "level"] in C:\xampp\htdocs\adamson-ccit\app\views\admin\admin_student_certifications.php on line 219
[17-Sep-2025 23:13:27 Europe/Berlin] [Undefined array key "level"] in C:\xampp\htdocs\adamson-ccit\app\views\admin\admin_student_certifications.php on line 220
[17-Sep-2025 23:13:27 Europe/Berlin] [Undefined array key "prerequisites"] in C:\xampp\htdocs\adamson-ccit\app\views\admin\admin_student_certifications.php on line 231
[17-Sep-2025 23:13:27 Europe/Berlin] [Undefined array key "duration"] in C:\xampp\htdocs\adamson-ccit\app\views\admin\admin_student_certifications.php on line 235
[17-Sep-2025 23:13:27 Europe/Berlin] [Undefined array key "cost"] in C:\xampp\htdocs\adamson-ccit\app\views\admin\admin_student_certifications.php on line 241
[17-Sep-2025 23:13:27 Europe/Berlin] [Undefined array key "validity"] in C:\xampp\htdocs\adamson-ccit\app\views\admin\admin_student_certifications.php on line 245
[17-Sep-2025 23:13:27 Europe/Berlin] [Undefined array key "more_info_url"] in C:\xampp\htdocs\adamson-ccit\app\views\admin\admin_student_certifications.php on line 250
[17-Sep-2025 23:13:27 Europe/Berlin] [Undefined array key "category"] in C:\xampp\htdocs\adamson-ccit\app\views\admin\admin_student_certifications.php on line 176
[17-Sep-2025 23:13:27 Europe/Berlin] [Undefined array key "provider"] in C:\xampp\htdocs\adamson-ccit\app\views\admin\admin_student_certifications.php on line 177
[17-Sep-2025 23:13:27 Europe/Berlin] [Undefined array key "level"] in C:\xampp\htdocs\adamson-ccit\app\views\admin\admin_student_certifications.php on line 178
[17-Sep-2025 23:13:27 Europe/Berlin] [Undefined array key "cost"] in C:\xampp\htdocs\adamson-ccit\app\views\admin\admin_student_certifications.php on line 179
[17-Sep-2025 23:13:27 Europe/Berlin] [Undefined array key "provider"] in C:\xampp\htdocs\adamson-ccit\app\views\admin\admin_student_certifications.php on line 196
[17-Sep-2025 23:13:27 Europe/Berlin] [Undefined array key "category"] in C:\xampp\htdocs\adamson-ccit\app\views\admin\admin_student_certifications.php on line 203
[17-Sep-2025 23:13:27 Europe/Berlin] [Undefined array key "category"] in C:\xampp\htdocs\adamson-ccit\app\views\admin\admin_student_certifications.php on line 204
[17-Sep-2025 23:13:27 Europe/Berlin] [Undefined array key "category"] in C:\xampp\htdocs\adamson-ccit\app\views\admin\admin_student_certifications.php on line 205
[17-Sep-2025 23:13:27 Europe/Berlin] [Undefined array key "category"] in C:\xampp\htdocs\adamson-ccit\app\views\admin\admin_student_certifications.php on line 206
[17-Sep-2025 23:13:27 Europe/Berlin] [Undefined array key "category"] in C:\xampp\htdocs\adamson-ccit\app\views\admin\admin_student_certifications.php on line 207
[17-Sep-2025 23:13:27 Europe/Berlin] [Undefined array key "category"] in C:\xampp\htdocs\adamson-ccit\app\views\admin\admin_student_certifications.php on line 208
[17-Sep-2025 23:13:27 Europe/Berlin] [Undefined array key "category"] in C:\xampp\htdocs\adamson-ccit\app\views\admin\admin_student_certifications.php on line 209
[17-Sep-2025 23:13:27 Europe/Berlin] [Undefined array key "category"] in C:\xampp\htdocs\adamson-ccit\app\views\admin\admin_student_certifications.php on line 210
[17-Sep-2025 23:13:27 Europe/Berlin] [Undefined array key "category"] in C:\xampp\htdocs\adamson-ccit\app\views\admin\admin_student_certifications.php on line 211
[17-Sep-2025 23:13:27 Europe/Berlin] [Undefined array key "level"] in C:\xampp\htdocs\adamson-ccit\app\views\admin\admin_student_certifications.php on line 217
[17-Sep-2025 23:13:27 Europe/Berlin] [Undefined array key "level"] in C:\xampp\htdocs\adamson-ccit\app\views\admin\admin_student_certifications.php on line 218
[17-Sep-2025 23:13:27 Europe/Berlin] [Undefined array key "level"] in C:\xampp\htdocs\adamson-ccit\app\views\admin\admin_student_certifications.php on line 219
[17-Sep-2025 23:13:27 Europe/Berlin] [Undefined array key "level"] in C:\xampp\htdocs\adamson-ccit\app\views\admin\admin_student_certifications.php on line 220
[17-Sep-2025 23:13:27 Europe/Berlin] [Undefined array key "prerequisites"] in C:\xampp\htdocs\adamson-ccit\app\views\admin\admin_student_certifications.php on line 231
[17-Sep-2025 23:13:27 Europe/Berlin] [Undefined array key "duration"] in C:\xampp\htdocs\adamson-ccit\app\views\admin\admin_student_certifications.php on line 235
[17-Sep-2025 23:13:27 Europe/Berlin] [Undefined array key "cost"] in C:\xampp\htdocs\adamson-ccit\app\views\admin\admin_student_certifications.php on line 241
[17-Sep-2025 23:13:27 Europe/Berlin] [Undefined array key "validity"] in C:\xampp\htdocs\adamson-ccit\app\views\admin\admin_student_certifications.php on line 245
[17-Sep-2025 23:13:27 Europe/Berlin] [Undefined array key "more_info_url"] in C:\xampp\htdocs\adamson-ccit\app\views\admin\admin_student_certifications.php on line 250
[17-Sep-2025 23:13:27 Europe/Berlin] [Undefined array key "category"] in C:\xampp\htdocs\adamson-ccit\app\views\admin\admin_student_certifications.php on line 176
[17-Sep-2025 23:13:27 Europe/Berlin] [Undefined array key "provider"] in C:\xampp\htdocs\adamson-ccit\app\views\admin\admin_student_certifications.php on line 177
[17-Sep-2025 23:13:27 Europe/Berlin] [Undefined array key "level"] in C:\xampp\htdocs\adamson-ccit\app\views\admin\admin_student_certifications.php on line 178
[17-Sep-2025 23:13:27 Europe/Berlin] [Undefined array key "cost"] in C:\xampp\htdocs\adamson-ccit\app\views\admin\admin_student_certifications.php on line 179
[17-Sep-2025 23:13:27 Europe/Berlin] [Undefined array key "provider"] in C:\xampp\htdocs\adamson-ccit\app\views\admin\admin_student_certifications.php on line 196
[17-Sep-2025 23:13:27 Europe/Berlin] [Undefined array key "category"] in C:\xampp\htdocs\adamson-ccit\app\views\admin\admin_student_certifications.php on line 203
[17-Sep-2025 23:13:27 Europe/Berlin] [Undefined array key "category"] in C:\xampp\htdocs\adamson-ccit\app\views\admin\admin_student_certifications.php on line 204
[17-Sep-2025 23:13:27 Europe/Berlin] [Undefined array key "category"] in C:\xampp\htdocs\adamson-ccit\app\views\admin\admin_student_certifications.php on line 205
[17-Sep-2025 23:13:27 Europe/Berlin] [Undefined array key "category"] in C:\xampp\htdocs\adamson-ccit\app\views\admin\admin_student_certifications.php on line 206
[17-Sep-2025 23:13:27 Europe/Berlin] [Undefined array key "category"] in C:\xampp\htdocs\adamson-ccit\app\views\admin\admin_student_certifications.php on line 207
[17-Sep-2025 23:13:27 Europe/Berlin] [Undefined array key "category"] in C:\xampp\htdocs\adamson-ccit\app\views\admin\admin_student_certifications.php on line 208
[17-Sep-2025 23:13:27 Europe/Berlin] [Undefined array key "category"] in C:\xampp\htdocs\adamson-ccit\app\views\admin\admin_student_certifications.php on line 209
[17-Sep-2025 23:13:27 Europe/Berlin] [Undefined array key "category"] in C:\xampp\htdocs\adamson-ccit\app\views\admin\admin_student_certifications.php on line 210
[17-Sep-2025 23:13:27 Europe/Berlin] [Undefined array key "category"] in C:\xampp\htdocs\adamson-ccit\app\views\admin\admin_student_certifications.php on line 211
[17-Sep-2025 23:13:27 Europe/Berlin] [Undefined array key "level"] in C:\xampp\htdocs\adamson-ccit\app\views\admin\admin_student_certifications.php on line 217
[17-Sep-2025 23:13:27 Europe/Berlin] [Undefined array key "level"] in C:\xampp\htdocs\adamson-ccit\app\views\admin\admin_student_certifications.php on line 218
[17-Sep-2025 23:13:27 Europe/Berlin] [Undefined array key "level"] in C:\xampp\htdocs\adamson-ccit\app\views\admin\admin_student_certifications.php on line 219
[17-Sep-2025 23:13:27 Europe/Berlin] [Undefined array key "level"] in C:\xampp\htdocs\adamson-ccit\app\views\admin\admin_student_certifications.php on line 220
[17-Sep-2025 23:13:27 Europe/Berlin] [Undefined array key "prerequisites"] in C:\xampp\htdocs\adamson-ccit\app\views\admin\admin_student_certifications.php on line 231
[17-Sep-2025 23:13:27 Europe/Berlin] [Undefined array key "duration"] in C:\xampp\htdocs\adamson-ccit\app\views\admin\admin_student_certifications.php on line 235
[17-Sep-2025 23:13:27 Europe/Berlin] [Undefined array key "cost"] in C:\xampp\htdocs\adamson-ccit\app\views\admin\admin_student_certifications.php on line 241
[17-Sep-2025 23:13:27 Europe/Berlin] [Undefined array key "validity"] in C:\xampp\htdocs\adamson-ccit\app\views\admin\admin_student_certifications.php on line 245
[17-Sep-2025 23:13:27 Europe/Berlin] [Undefined array key "more_info_url"] in C:\xampp\htdocs\adamson-ccit\app\views\admin\admin_student_certifications.php on line 250
[17-Sep-2025 23:13:43 Europe/Berlin] [Undefined array key "type"] in C:\xampp\htdocs\adamson-ccit\app\views\admin\admin_student_research.php on line 170
[17-Sep-2025 23:13:43 Europe/Berlin] [Undefined array key "status"] in C:\xampp\htdocs\adamson-ccit\app\views\admin\admin_student_research.php on line 173
[17-Sep-2025 23:13:43 Europe/Berlin] [Undefined array key "abstract"] in C:\xampp\htdocs\adamson-ccit\app\views\admin\admin_student_research.php on line 175
[17-Sep-2025 23:13:43 Europe/Berlin] [substr(): Passing null to parameter #1 ($string) of type string is deprecated] in C:\xampp\htdocs\adamson-ccit\app\views\admin\admin_student_research.php on line 175
[17-Sep-2025 23:13:43 Europe/Berlin] [Undefined array key "type"] in C:\xampp\htdocs\adamson-ccit\app\views\admin\admin_student_research.php on line 191
[17-Sep-2025 23:13:43 Europe/Berlin] [Undefined array key "type"] in C:\xampp\htdocs\adamson-ccit\app\views\admin\admin_student_research.php on line 192
[17-Sep-2025 23:13:43 Europe/Berlin] [Undefined array key "type"] in C:\xampp\htdocs\adamson-ccit\app\views\admin\admin_student_research.php on line 193
[17-Sep-2025 23:13:43 Europe/Berlin] [Undefined array key "type"] in C:\xampp\htdocs\adamson-ccit\app\views\admin\admin_student_research.php on line 194
[17-Sep-2025 23:13:43 Europe/Berlin] [Undefined array key "abstract"] in C:\xampp\htdocs\adamson-ccit\app\views\admin\admin_student_research.php on line 210
[17-Sep-2025 23:13:43 Europe/Berlin] [Undefined array key "advisor"] in C:\xampp\htdocs\adamson-ccit\app\views\admin\admin_student_research.php on line 215
[17-Sep-2025 23:13:43 Europe/Berlin] [Undefined array key "department"] in C:\xampp\htdocs\adamson-ccit\app\views\admin\admin_student_research.php on line 219
[17-Sep-2025 23:13:43 Europe/Berlin] [Undefined array key "keywords"] in C:\xampp\htdocs\adamson-ccit\app\views\admin\admin_student_research.php on line 225
[17-Sep-2025 23:13:43 Europe/Berlin] [Undefined array key "status"] in C:\xampp\htdocs\adamson-ccit\app\views\admin\admin_student_research.php on line 230
[17-Sep-2025 23:13:43 Europe/Berlin] [Undefined array key "status"] in C:\xampp\htdocs\adamson-ccit\app\views\admin\admin_student_research.php on line 231
[17-Sep-2025 23:13:43 Europe/Berlin] [Undefined array key "status"] in C:\xampp\htdocs\adamson-ccit\app\views\admin\admin_student_research.php on line 232
[17-Sep-2025 23:13:43 Europe/Berlin] [Undefined array key "full_text_url"] in C:\xampp\htdocs\adamson-ccit\app\views\admin\admin_student_research.php on line 238
[17-Sep-2025 23:13:43 Europe/Berlin] [Undefined array key "type"] in C:\xampp\htdocs\adamson-ccit\app\views\admin\admin_student_research.php on line 170
[17-Sep-2025 23:13:43 Europe/Berlin] [Undefined array key "status"] in C:\xampp\htdocs\adamson-ccit\app\views\admin\admin_student_research.php on line 173
[17-Sep-2025 23:13:43 Europe/Berlin] [Undefined array key "abstract"] in C:\xampp\htdocs\adamson-ccit\app\views\admin\admin_student_research.php on line 175
[17-Sep-2025 23:13:43 Europe/Berlin] [substr(): Passing null to parameter #1 ($string) of type string is deprecated] in C:\xampp\htdocs\adamson-ccit\app\views\admin\admin_student_research.php on line 175
[17-Sep-2025 23:13:43 Europe/Berlin] [Undefined array key "type"] in C:\xampp\htdocs\adamson-ccit\app\views\admin\admin_student_research.php on line 191
[17-Sep-2025 23:13:43 Europe/Berlin] [Undefined array key "type"] in C:\xampp\htdocs\adamson-ccit\app\views\admin\admin_student_research.php on line 192
[17-Sep-2025 23:13:43 Europe/Berlin] [Undefined array key "type"] in C:\xampp\htdocs\adamson-ccit\app\views\admin\admin_student_research.php on line 193
[17-Sep-2025 23:13:43 Europe/Berlin] [Undefined array key "type"] in C:\xampp\htdocs\adamson-ccit\app\views\admin\admin_student_research.php on line 194
[17-Sep-2025 23:13:43 Europe/Berlin] [Undefined array key "abstract"] in C:\xampp\htdocs\adamson-ccit\app\views\admin\admin_student_research.php on line 210
[17-Sep-2025 23:13:43 Europe/Berlin] [Undefined array key "advisor"] in C:\xampp\htdocs\adamson-ccit\app\views\admin\admin_student_research.php on line 215
[17-Sep-2025 23:13:43 Europe/Berlin] [Undefined array key "department"] in C:\xampp\htdocs\adamson-ccit\app\views\admin\admin_student_research.php on line 219
[17-Sep-2025 23:13:43 Europe/Berlin] [Undefined array key "keywords"] in C:\xampp\htdocs\adamson-ccit\app\views\admin\admin_student_research.php on line 225
[17-Sep-2025 23:13:43 Europe/Berlin] [Undefined array key "status"] in C:\xampp\htdocs\adamson-ccit\app\views\admin\admin_student_research.php on line 230
[17-Sep-2025 23:13:43 Europe/Berlin] [Undefined array key "status"] in C:\xampp\htdocs\adamson-ccit\app\views\admin\admin_student_research.php on line 231
[17-Sep-2025 23:13:43 Europe/Berlin] [Undefined array key "status"] in C:\xampp\htdocs\adamson-ccit\app\views\admin\admin_student_research.php on line 232
[17-Sep-2025 23:13:43 Europe/Berlin] [Undefined array key "full_text_url"] in C:\xampp\htdocs\adamson-ccit\app\views\admin\admin_student_research.php on line 238
[17-Sep-2025 23:13:43 Europe/Berlin] [Undefined array key "type"] in C:\xampp\htdocs\adamson-ccit\app\views\admin\admin_student_research.php on line 170
[17-Sep-2025 23:13:43 Europe/Berlin] [Undefined array key "status"] in C:\xampp\htdocs\adamson-ccit\app\views\admin\admin_student_research.php on line 173
[17-Sep-2025 23:13:43 Europe/Berlin] [Undefined array key "abstract"] in C:\xampp\htdocs\adamson-ccit\app\views\admin\admin_student_research.php on line 175
[17-Sep-2025 23:13:43 Europe/Berlin] [substr(): Passing null to parameter #1 ($string) of type string is deprecated] in C:\xampp\htdocs\adamson-ccit\app\views\admin\admin_student_research.php on line 175
[17-Sep-2025 23:13:43 Europe/Berlin] [Undefined array key "type"] in C:\xampp\htdocs\adamson-ccit\app\views\admin\admin_student_research.php on line 191
[17-Sep-2025 23:13:43 Europe/Berlin] [Undefined array key "type"] in C:\xampp\htdocs\adamson-ccit\app\views\admin\admin_student_research.php on line 192
[17-Sep-2025 23:13:43 Europe/Berlin] [Undefined array key "type"] in C:\xampp\htdocs\adamson-ccit\app\views\admin\admin_student_research.php on line 193
[17-Sep-2025 23:13:43 Europe/Berlin] [Undefined array key "type"] in C:\xampp\htdocs\adamson-ccit\app\views\admin\admin_student_research.php on line 194
[17-Sep-2025 23:13:43 Europe/Berlin] [Undefined array key "abstract"] in C:\xampp\htdocs\adamson-ccit\app\views\admin\admin_student_research.php on line 210
[17-Sep-2025 23:13:43 Europe/Berlin] [Undefined array key "advisor"] in C:\xampp\htdocs\adamson-ccit\app\views\admin\admin_student_research.php on line 215
[17-Sep-2025 23:13:43 Europe/Berlin] [Undefined array key "department"] in C:\xampp\htdocs\adamson-ccit\app\views\admin\admin_student_research.php on line 219
[17-Sep-2025 23:13:43 Europe/Berlin] [Undefined array key "keywords"] in C:\xampp\htdocs\adamson-ccit\app\views\admin\admin_student_research.php on line 225
[17-Sep-2025 23:13:43 Europe/Berlin] [Undefined array key "status"] in C:\xampp\htdocs\adamson-ccit\app\views\admin\admin_student_research.php on line 230
[17-Sep-2025 23:13:43 Europe/Berlin] [Undefined array key "status"] in C:\xampp\htdocs\adamson-ccit\app\views\admin\admin_student_research.php on line 231
[17-Sep-2025 23:13:43 Europe/Berlin] [Undefined array key "status"] in C:\xampp\htdocs\adamson-ccit\app\views\admin\admin_student_research.php on line 232
[17-Sep-2025 23:13:43 Europe/Berlin] [Undefined array key "full_text_url"] in C:\xampp\htdocs\adamson-ccit\app\views\admin\admin_student_research.php on line 238
[17-Sep-2025 23:14:18 Europe/Berlin] [Undefined array key "title"] in C:\xampp\htdocs\adamson-ccit\app\views\admin\admin_student_scholarships.php on line 154
[17-Sep-2025 23:14:18 Europe/Berlin] [Undefined array key "amount"] in C:\xampp\htdocs\adamson-ccit\app\views\admin\admin_student_scholarships.php on line 157
[17-Sep-2025 23:14:18 Europe/Berlin] [Undefined array key "deadline"] in C:\xampp\htdocs\adamson-ccit\app\views\admin\admin_student_scholarships.php on line 158
[17-Sep-2025 23:14:18 Europe/Berlin] [Undefined array key "description"] in C:\xampp\htdocs\adamson-ccit\app\views\admin\admin_student_scholarships.php on line 160
[17-Sep-2025 23:14:18 Europe/Berlin] [substr(): Passing null to parameter #1 ($string) of type string is deprecated] in C:\xampp\htdocs\adamson-ccit\app\views\admin\admin_student_scholarships.php on line 160
[17-Sep-2025 23:14:18 Europe/Berlin] [Undefined array key "title"] in C:\xampp\htdocs\adamson-ccit\app\views\admin\admin_student_scholarships.php on line 171
[17-Sep-2025 23:14:18 Europe/Berlin] [Undefined array key "amount"] in C:\xampp\htdocs\adamson-ccit\app\views\admin\admin_student_scholarships.php on line 186
[17-Sep-2025 23:14:18 Europe/Berlin] [Undefined array key "deadline"] in C:\xampp\htdocs\adamson-ccit\app\views\admin\admin_student_scholarships.php on line 190
[17-Sep-2025 23:14:18 Europe/Berlin] [Undefined array key "description"] in C:\xampp\htdocs\adamson-ccit\app\views\admin\admin_student_scholarships.php on line 195
[17-Sep-2025 23:14:18 Europe/Berlin] [Undefined array key "eligibility"] in C:\xampp\htdocs\adamson-ccit\app\views\admin\admin_student_scholarships.php on line 200
[17-Sep-2025 23:14:18 Europe/Berlin] [Undefined array key "application_url"] in C:\xampp\htdocs\adamson-ccit\app\views\admin\admin_student_scholarships.php on line 209
[17-Sep-2025 23:14:18 Europe/Berlin] [Undefined array key "title"] in C:\xampp\htdocs\adamson-ccit\app\views\admin\admin_student_scholarships.php on line 154
[17-Sep-2025 23:14:18 Europe/Berlin] [Undefined array key "amount"] in C:\xampp\htdocs\adamson-ccit\app\views\admin\admin_student_scholarships.php on line 157
[17-Sep-2025 23:14:18 Europe/Berlin] [Undefined array key "deadline"] in C:\xampp\htdocs\adamson-ccit\app\views\admin\admin_student_scholarships.php on line 158
[17-Sep-2025 23:14:18 Europe/Berlin] [Undefined array key "description"] in C:\xampp\htdocs\adamson-ccit\app\views\admin\admin_student_scholarships.php on line 160
[17-Sep-2025 23:14:18 Europe/Berlin] [substr(): Passing null to parameter #1 ($string) of type string is deprecated] in C:\xampp\htdocs\adamson-ccit\app\views\admin\admin_student_scholarships.php on line 160
[17-Sep-2025 23:14:18 Europe/Berlin] [Undefined array key "title"] in C:\xampp\htdocs\adamson-ccit\app\views\admin\admin_student_scholarships.php on line 171
[17-Sep-2025 23:14:18 Europe/Berlin] [Undefined array key "amount"] in C:\xampp\htdocs\adamson-ccit\app\views\admin\admin_student_scholarships.php on line 186
[17-Sep-2025 23:14:18 Europe/Berlin] [Undefined array key "deadline"] in C:\xampp\htdocs\adamson-ccit\app\views\admin\admin_student_scholarships.php on line 190
[17-Sep-2025 23:14:18 Europe/Berlin] [Undefined array key "description"] in C:\xampp\htdocs\adamson-ccit\app\views\admin\admin_student_scholarships.php on line 195
[17-Sep-2025 23:14:18 Europe/Berlin] [Undefined array key "eligibility"] in C:\xampp\htdocs\adamson-ccit\app\views\admin\admin_student_scholarships.php on line 200
[17-Sep-2025 23:14:18 Europe/Berlin] [Undefined array key "application_url"] in C:\xampp\htdocs\adamson-ccit\app\views\admin\admin_student_scholarships.php on line 209
[17-Sep-2025 23:14:18 Europe/Berlin] [Undefined array key "title"] in C:\xampp\htdocs\adamson-ccit\app\views\admin\admin_student_scholarships.php on line 154
[17-Sep-2025 23:14:18 Europe/Berlin] [Undefined array key "amount"] in C:\xampp\htdocs\adamson-ccit\app\views\admin\admin_student_scholarships.php on line 157
[17-Sep-2025 23:14:18 Europe/Berlin] [Undefined array key "deadline"] in C:\xampp\htdocs\adamson-ccit\app\views\admin\admin_student_scholarships.php on line 158
[17-Sep-2025 23:14:18 Europe/Berlin] [Undefined array key "description"] in C:\xampp\htdocs\adamson-ccit\app\views\admin\admin_student_scholarships.php on line 160
[17-Sep-2025 23:14:18 Europe/Berlin] [substr(): Passing null to parameter #1 ($string) of type string is deprecated] in C:\xampp\htdocs\adamson-ccit\app\views\admin\admin_student_scholarships.php on line 160
[17-Sep-2025 23:14:18 Europe/Berlin] [Undefined array key "title"] in C:\xampp\htdocs\adamson-ccit\app\views\admin\admin_student_scholarships.php on line 171
[17-Sep-2025 23:14:18 Europe/Berlin] [Undefined array key "amount"] in C:\xampp\htdocs\adamson-ccit\app\views\admin\admin_student_scholarships.php on line 186
[17-Sep-2025 23:14:18 Europe/Berlin] [Undefined array key "deadline"] in C:\xampp\htdocs\adamson-ccit\app\views\admin\admin_student_scholarships.php on line 190
[17-Sep-2025 23:14:18 Europe/Berlin] [Undefined array key "description"] in C:\xampp\htdocs\adamson-ccit\app\views\admin\admin_student_scholarships.php on line 195
[17-Sep-2025 23:14:18 Europe/Berlin] [Undefined array key "eligibility"] in C:\xampp\htdocs\adamson-ccit\app\views\admin\admin_student_scholarships.php on line 200
[17-Sep-2025 23:14:18 Europe/Berlin] [Undefined array key "application_url"] in C:\xampp\htdocs\adamson-ccit\app\views\admin\admin_student_scholarships.php on line 209
[17-Sep-2025 23:15:19 Europe/Berlin] [Undefined array key "title"] in C:\xampp\htdocs\adamson-ccit\app\views\admin\admin_student_scholarships.php on line 154
[17-Sep-2025 23:15:19 Europe/Berlin] [Undefined array key "amount"] in C:\xampp\htdocs\adamson-ccit\app\views\admin\admin_student_scholarships.php on line 157
[17-Sep-2025 23:15:19 Europe/Berlin] [Undefined array key "deadline"] in C:\xampp\htdocs\adamson-ccit\app\views\admin\admin_student_scholarships.php on line 158
[17-Sep-2025 23:15:19 Europe/Berlin] [Undefined array key "description"] in C:\xampp\htdocs\adamson-ccit\app\views\admin\admin_student_scholarships.php on line 160
[17-Sep-2025 23:15:19 Europe/Berlin] [substr(): Passing null to parameter #1 ($string) of type string is deprecated] in C:\xampp\htdocs\adamson-ccit\app\views\admin\admin_student_scholarships.php on line 160
[17-Sep-2025 23:15:19 Europe/Berlin] [Undefined array key "title"] in C:\xampp\htdocs\adamson-ccit\app\views\admin\admin_student_scholarships.php on line 171
[17-Sep-2025 23:15:19 Europe/Berlin] [Undefined array key "amount"] in C:\xampp\htdocs\adamson-ccit\app\views\admin\admin_student_scholarships.php on line 186
[17-Sep-2025 23:15:19 Europe/Berlin] [Undefined array key "deadline"] in C:\xampp\htdocs\adamson-ccit\app\views\admin\admin_student_scholarships.php on line 190
[17-Sep-2025 23:15:19 Europe/Berlin] [Undefined array key "description"] in C:\xampp\htdocs\adamson-ccit\app\views\admin\admin_student_scholarships.php on line 195
[17-Sep-2025 23:15:19 Europe/Berlin] [Undefined array key "eligibility"] in C:\xampp\htdocs\adamson-ccit\app\views\admin\admin_student_scholarships.php on line 200
[17-Sep-2025 23:15:19 Europe/Berlin] [Undefined array key "application_url"] in C:\xampp\htdocs\adamson-ccit\app\views\admin\admin_student_scholarships.php on line 209
[17-Sep-2025 23:15:19 Europe/Berlin] [Undefined array key "title"] in C:\xampp\htdocs\adamson-ccit\app\views\admin\admin_student_scholarships.php on line 154
[17-Sep-2025 23:15:19 Europe/Berlin] [Undefined array key "amount"] in C:\xampp\htdocs\adamson-ccit\app\views\admin\admin_student_scholarships.php on line 157
[17-Sep-2025 23:15:19 Europe/Berlin] [Undefined array key "deadline"] in C:\xampp\htdocs\adamson-ccit\app\views\admin\admin_student_scholarships.php on line 158
[17-Sep-2025 23:15:19 Europe/Berlin] [Undefined array key "description"] in C:\xampp\htdocs\adamson-ccit\app\views\admin\admin_student_scholarships.php on line 160
[17-Sep-2025 23:15:19 Europe/Berlin] [substr(): Passing null to parameter #1 ($string) of type string is deprecated] in C:\xampp\htdocs\adamson-ccit\app\views\admin\admin_student_scholarships.php on line 160
[17-Sep-2025 23:15:19 Europe/Berlin] [Undefined array key "title"] in C:\xampp\htdocs\adamson-ccit\app\views\admin\admin_student_scholarships.php on line 171
[17-Sep-2025 23:15:19 Europe/Berlin] [Undefined array key "amount"] in C:\xampp\htdocs\adamson-ccit\app\views\admin\admin_student_scholarships.php on line 186
[17-Sep-2025 23:15:19 Europe/Berlin] [Undefined array key "deadline"] in C:\xampp\htdocs\adamson-ccit\app\views\admin\admin_student_scholarships.php on line 190
[17-Sep-2025 23:15:19 Europe/Berlin] [Undefined array key "description"] in C:\xampp\htdocs\adamson-ccit\app\views\admin\admin_student_scholarships.php on line 195
[17-Sep-2025 23:15:19 Europe/Berlin] [Undefined array key "eligibility"] in C:\xampp\htdocs\adamson-ccit\app\views\admin\admin_student_scholarships.php on line 200
[17-Sep-2025 23:15:19 Europe/Berlin] [Undefined array key "application_url"] in C:\xampp\htdocs\adamson-ccit\app\views\admin\admin_student_scholarships.php on line 209
[17-Sep-2025 23:15:19 Europe/Berlin] [Undefined array key "title"] in C:\xampp\htdocs\adamson-ccit\app\views\admin\admin_student_scholarships.php on line 154
[17-Sep-2025 23:15:19 Europe/Berlin] [Undefined array key "amount"] in C:\xampp\htdocs\adamson-ccit\app\views\admin\admin_student_scholarships.php on line 157
[17-Sep-2025 23:15:19 Europe/Berlin] [Undefined array key "deadline"] in C:\xampp\htdocs\adamson-ccit\app\views\admin\admin_student_scholarships.php on line 158
[17-Sep-2025 23:15:19 Europe/Berlin] [Undefined array key "description"] in C:\xampp\htdocs\adamson-ccit\app\views\admin\admin_student_scholarships.php on line 160
[17-Sep-2025 23:15:19 Europe/Berlin] [substr(): Passing null to parameter #1 ($string) of type string is deprecated] in C:\xampp\htdocs\adamson-ccit\app\views\admin\admin_student_scholarships.php on line 160
[17-Sep-2025 23:15:19 Europe/Berlin] [Undefined array key "title"] in C:\xampp\htdocs\adamson-ccit\app\views\admin\admin_student_scholarships.php on line 171
[17-Sep-2025 23:15:19 Europe/Berlin] [Undefined array key "amount"] in C:\xampp\htdocs\adamson-ccit\app\views\admin\admin_student_scholarships.php on line 186
[17-Sep-2025 23:15:19 Europe/Berlin] [Undefined array key "deadline"] in C:\xampp\htdocs\adamson-ccit\app\views\admin\admin_student_scholarships.php on line 190
[17-Sep-2025 23:15:19 Europe/Berlin] [Undefined array key "description"] in C:\xampp\htdocs\adamson-ccit\app\views\admin\admin_student_scholarships.php on line 195
[17-Sep-2025 23:15:19 Europe/Berlin] [Undefined array key "eligibility"] in C:\xampp\htdocs\adamson-ccit\app\views\admin\admin_student_scholarships.php on line 200
[17-Sep-2025 23:15:19 Europe/Berlin] [Undefined array key "application_url"] in C:\xampp\htdocs\adamson-ccit\app\views\admin\admin_student_scholarships.php on line 209
[17-Sep-2025 23:24:57 Europe/Berlin] [substr(): Passing null to parameter #1 ($string) of type string is deprecated] in C:\xampp\htdocs\adamson-ccit\app\views\admin\admin_student_research.php on line 165
[17-Sep-2025 23:24:57 Europe/Berlin] [substr(): Passing null to parameter #1 ($string) of type string is deprecated] in C:\xampp\htdocs\adamson-ccit\app\views\admin\admin_student_research.php on line 165
[17-Sep-2025 23:24:57 Europe/Berlin] [substr(): Passing null to parameter #1 ($string) of type string is deprecated] in C:\xampp\htdocs\adamson-ccit\app\views\admin\admin_student_research.php on line 165
[17-Sep-2025 23:26:14 Europe/Berlin] PHP Fatal error:  Uncaught Error: Call to a member function query() on null in C:\xampp\htdocs\adamson-ccit\app\models\Faculty.php:6
Stack trace:
#0 C:\xampp\htdocs\adamson-ccit\app\views\admin_manage_faculty.php(32): Faculty::all()
#1 C:\xampp\htdocs\adamson-ccit\app\controllers\AdminController.php(391): include('C:\\xampp\\htdocs...')
#2 C:\xampp\htdocs\adamson-ccit\app\controllers\Router.php(215): AdminController->manageFaculty()
#3 C:\xampp\htdocs\adamson-ccit\public\index.php(22): Router::route()
#4 {main}
  thrown in C:\xampp\htdocs\adamson-ccit\app\models\Faculty.php on line 6
[17-Sep-2025 23:26:57 Europe/Berlin] PHP Fatal error:  Uncaught Error: Call to a member function query() on null in C:\xampp\htdocs\adamson-ccit\app\models\Faculty.php:6
Stack trace:
#0 C:\xampp\htdocs\adamson-ccit\app\views\admin_manage_faculty.php(32): Faculty::all()
#1 C:\xampp\htdocs\adamson-ccit\app\controllers\AdminController.php(391): include('C:\\xampp\\htdocs...')
#2 C:\xampp\htdocs\adamson-ccit\app\controllers\Router.php(215): AdminController->manageFaculty()
#3 C:\xampp\htdocs\adamson-ccit\public\index.php(22): Router::route()
#4 {main}
  thrown in C:\xampp\htdocs\adamson-ccit\app\models\Faculty.php on line 6
[18-Sep-2025 16:55:03 Europe/Berlin] [substr(): Passing null to parameter #1 ($string) of type string is deprecated] in C:\xampp\htdocs\adamson-ccit\app\views\admin\admin_student_research.php on line 165
[18-Sep-2025 16:55:03 Europe/Berlin] [substr(): Passing null to parameter #1 ($string) of type string is deprecated] in C:\xampp\htdocs\adamson-ccit\app\views\admin\admin_student_research.php on line 165
[18-Sep-2025 16:55:03 Europe/Berlin] [substr(): Passing null to parameter #1 ($string) of type string is deprecated] in C:\xampp\htdocs\adamson-ccit\app\views\admin\admin_student_research.php on line 165
[18-Sep-2025 19:06:50 Europe/Berlin] PHP Parse error:  syntax error, unexpected single-quoted string ";", expecting ")" in C:\xampp\htdocs\adamson-ccit\app\views\admin\admin_programs_undergraduate.php on line 41
[18-Sep-2025 19:06:56 Europe/Berlin] PHP Parse error:  syntax error, unexpected single-quoted string ";", expecting ")" in C:\xampp\htdocs\adamson-ccit\app\views\admin\admin_programs_undergraduate.php on line 41
[18-Sep-2025 19:07:02 Europe/Berlin] PHP Parse error:  syntax error, unexpected single-quoted string ";", expecting ")" in C:\xampp\htdocs\adamson-ccit\app\views\admin\admin_programs_undergraduate.php on line 41
[18-Sep-2025 19:07:26 Europe/Berlin] PHP Parse error:  syntax error, unexpected single-quoted string ";", expecting ")" in C:\xampp\htdocs\adamson-ccit\app\views\admin\admin_programs_undergraduate.php on line 41
[18-Sep-2025 19:15:13 Europe/Berlin] [session_start(): Ignoring session_start() because a session is already active] in C:\xampp\htdocs\adamson-ccit\app\views\admin\admin_programs_undergraduate.php on line 2
[18-Sep-2025 19:15:13 Europe/Berlin] [Undefined array key "id"] in C:\xampp\htdocs\adamson-ccit\app\views\admin\admin_programs_undergraduate.php on line 298
[18-Sep-2025 19:15:13 Europe/Berlin] [Undefined array key "id"] in C:\xampp\htdocs\adamson-ccit\app\views\admin\admin_programs_undergraduate.php on line 306
[18-Sep-2025 19:15:13 Europe/Berlin] [Undefined array key "id"] in C:\xampp\htdocs\adamson-ccit\app\views\admin\admin_programs_undergraduate.php on line 298
[18-Sep-2025 19:15:13 Europe/Berlin] [Undefined array key "id"] in C:\xampp\htdocs\adamson-ccit\app\views\admin\admin_programs_undergraduate.php on line 306
[18-Sep-2025 19:15:13 Europe/Berlin] [Undefined array key "id"] in C:\xampp\htdocs\adamson-ccit\app\views\admin\admin_programs_undergraduate.php on line 298
[18-Sep-2025 19:15:13 Europe/Berlin] [Undefined array key "id"] in C:\xampp\htdocs\adamson-ccit\app\views\admin\admin_programs_undergraduate.php on line 306
[18-Sep-2025 19:15:29 Europe/Berlin] [session_start(): Ignoring session_start() because a session is already active] in C:\xampp\htdocs\adamson-ccit\app\views\admin\admin_programs_undergraduate.php on line 2
[18-Sep-2025 19:15:29 Europe/Berlin] [Undefined array key "id"] in C:\xampp\htdocs\adamson-ccit\app\views\admin\admin_programs_undergraduate.php on line 298
[18-Sep-2025 19:15:29 Europe/Berlin] [Undefined array key "id"] in C:\xampp\htdocs\adamson-ccit\app\views\admin\admin_programs_undergraduate.php on line 306
[18-Sep-2025 19:15:29 Europe/Berlin] [Undefined array key "id"] in C:\xampp\htdocs\adamson-ccit\app\views\admin\admin_programs_undergraduate.php on line 298
[18-Sep-2025 19:15:29 Europe/Berlin] [Undefined array key "id"] in C:\xampp\htdocs\adamson-ccit\app\views\admin\admin_programs_undergraduate.php on line 306
[18-Sep-2025 19:15:29 Europe/Berlin] [Undefined array key "id"] in C:\xampp\htdocs\adamson-ccit\app\views\admin\admin_programs_undergraduate.php on line 298
[18-Sep-2025 19:15:29 Europe/Berlin] [Undefined array key "id"] in C:\xampp\htdocs\adamson-ccit\app\views\admin\admin_programs_undergraduate.php on line 306
[18-Sep-2025 19:15:51 Europe/Berlin] [session_start(): Ignoring session_start() because a session is already active] in C:\xampp\htdocs\adamson-ccit\app\views\admin\admin_programs_undergraduate.php on line 2
[18-Sep-2025 19:15:51 Europe/Berlin] [Undefined array key "id"] in C:\xampp\htdocs\adamson-ccit\app\views\admin\admin_programs_undergraduate.php on line 298
[18-Sep-2025 19:15:51 Europe/Berlin] [Undefined array key "id"] in C:\xampp\htdocs\adamson-ccit\app\views\admin\admin_programs_undergraduate.php on line 306
[18-Sep-2025 19:15:51 Europe/Berlin] [Undefined array key "id"] in C:\xampp\htdocs\adamson-ccit\app\views\admin\admin_programs_undergraduate.php on line 298
[18-Sep-2025 19:15:51 Europe/Berlin] [Undefined array key "id"] in C:\xampp\htdocs\adamson-ccit\app\views\admin\admin_programs_undergraduate.php on line 306
[18-Sep-2025 19:15:51 Europe/Berlin] [Undefined array key "id"] in C:\xampp\htdocs\adamson-ccit\app\views\admin\admin_programs_undergraduate.php on line 298
[18-Sep-2025 19:15:51 Europe/Berlin] [Undefined array key "id"] in C:\xampp\htdocs\adamson-ccit\app\views\admin\admin_programs_undergraduate.php on line 306
[18-Sep-2025 19:16:25 Europe/Berlin] [session_start(): Ignoring session_start() because a session is already active] in C:\xampp\htdocs\adamson-ccit\app\views\admin\admin_programs_undergraduate.php on line 2
[18-Sep-2025 19:16:25 Europe/Berlin] [Undefined array key "id"] in C:\xampp\htdocs\adamson-ccit\app\views\admin\admin_programs_undergraduate.php on line 298
[18-Sep-2025 19:16:25 Europe/Berlin] [Undefined array key "id"] in C:\xampp\htdocs\adamson-ccit\app\views\admin\admin_programs_undergraduate.php on line 306
[18-Sep-2025 19:16:25 Europe/Berlin] [Undefined array key "id"] in C:\xampp\htdocs\adamson-ccit\app\views\admin\admin_programs_undergraduate.php on line 298
[18-Sep-2025 19:16:25 Europe/Berlin] [Undefined array key "id"] in C:\xampp\htdocs\adamson-ccit\app\views\admin\admin_programs_undergraduate.php on line 306
[18-Sep-2025 19:16:25 Europe/Berlin] [Undefined array key "id"] in C:\xampp\htdocs\adamson-ccit\app\views\admin\admin_programs_undergraduate.php on line 298
[18-Sep-2025 19:16:25 Europe/Berlin] [Undefined array key "id"] in C:\xampp\htdocs\adamson-ccit\app\views\admin\admin_programs_undergraduate.php on line 306
[18-Sep-2025 19:34:35 Europe/Berlin] [session_start(): Ignoring session_start() because a session is already active] in C:\xampp\htdocs\adamson-ccit\app\views\admin\admin_programs_undergraduate.php on line 2
[18-Sep-2025 19:34:57 Europe/Berlin] [session_start(): Ignoring session_start() because a session is already active] in C:\xampp\htdocs\adamson-ccit\app\views\admin\admin_programs_undergraduate.php on line 2
[18-Sep-2025 19:42:00 Europe/Berlin] [session_start(): Ignoring session_start() because a session is already active] in C:\xampp\htdocs\adamson-ccit\app\views\admin\admin_programs_undergraduate.php on line 2
[18-Sep-2025 19:43:29 Europe/Berlin] [session_start(): Ignoring session_start() because a session is already active] in C:\xampp\htdocs\adamson-ccit\app\views\admin\admin_programs_undergraduate.php on line 2
[18-Sep-2025 19:54:07 Europe/Berlin] [session_start(): Ignoring session_start() because a session is already active] in C:\xampp\htdocs\adamson-ccit\app\views\admin\admin_programs_undergraduate.php on line 2
[18-Sep-2025 19:54:08 Europe/Berlin] [session_start(): Ignoring session_start() because a session is already active] in C:\xampp\htdocs\adamson-ccit\app\views\admin\admin_programs_undergraduate.php on line 2
[18-Sep-2025 19:54:09 Europe/Berlin] [session_start(): Ignoring session_start() because a session is already active] in C:\xampp\htdocs\adamson-ccit\app\views\admin\admin_programs_undergraduate.php on line 2
[18-Sep-2025 19:54:09 Europe/Berlin] [session_start(): Ignoring session_start() because a session is already active] in C:\xampp\htdocs\adamson-ccit\app\views\admin\admin_programs_undergraduate.php on line 2
[18-Sep-2025 19:54:09 Europe/Berlin] [session_start(): Ignoring session_start() because a session is already active] in C:\xampp\htdocs\adamson-ccit\app\views\admin\admin_programs_undergraduate.php on line 2
[18-Sep-2025 19:54:09 Europe/Berlin] [session_start(): Ignoring session_start() because a session is already active] in C:\xampp\htdocs\adamson-ccit\app\views\admin\admin_programs_undergraduate.php on line 2
[18-Sep-2025 19:54:12 Europe/Berlin] [session_start(): Ignoring session_start() because a session is already active] in C:\xampp\htdocs\adamson-ccit\app\views\admin\admin_programs_undergraduate.php on line 2
[18-Sep-2025 19:54:21 Europe/Berlin] [session_start(): Ignoring session_start() because a session is already active] in C:\xampp\htdocs\adamson-ccit\app\views\admin\admin_programs_undergraduate.php on line 2
[18-Sep-2025 19:59:06 Europe/Berlin] [session_start(): Ignoring session_start() because a session is already active] in C:\xampp\htdocs\adamson-ccit\app\views\admin\admin_programs_undergraduate.php on line 2
[18-Sep-2025 19:59:08 Europe/Berlin] [session_start(): Ignoring session_start() because a session is already active] in C:\xampp\htdocs\adamson-ccit\app\views\admin\admin_programs_undergraduate.php on line 2
[18-Sep-2025 20:02:22 Europe/Berlin] [session_start(): Ignoring session_start() because a session is already active] in C:\xampp\htdocs\adamson-ccit\app\views\admin\admin_programs_undergraduate.php on line 2
[18-Sep-2025 20:02:22 Europe/Berlin] [session_start(): Ignoring session_start() because a session is already active] in C:\xampp\htdocs\adamson-ccit\app\views\admin\admin_programs_undergraduate.php on line 2
[18-Sep-2025 20:15:14 Europe/Berlin] [session_start(): Ignoring session_start() because a session is already active] in C:\xampp\htdocs\adamson-ccit\app\views\admin\admin_programs_undergraduate.php on line 2
[18-Sep-2025 20:26:16 Europe/Berlin] [session_start(): Ignoring session_start() because a session is already active] in C:\xampp\htdocs\adamson-ccit\app\views\admin\admin_programs_undergraduate.php on line 2
[18-Sep-2025 20:26:16 Europe/Berlin] [session_start(): Ignoring session_start() because a session is already active] in C:\xampp\htdocs\adamson-ccit\app\views\admin\admin_programs_undergraduate.php on line 2
[18-Sep-2025 20:29:51 Europe/Berlin] [session_start(): Ignoring session_start() because a session is already active] in C:\xampp\htdocs\adamson-ccit\app\views\admin\admin_programs_undergraduate.php on line 2
[18-Sep-2025 20:29:53 Europe/Berlin] [session_start(): Ignoring session_start() because a session is already active] in C:\xampp\htdocs\adamson-ccit\app\views\admin\admin_programs_undergraduate.php on line 2
[18-Sep-2025 20:29:54 Europe/Berlin] [session_start(): Ignoring session_start() because a session is already active] in C:\xampp\htdocs\adamson-ccit\app\views\admin\admin_programs_undergraduate.php on line 2
[18-Sep-2025 20:34:18 Europe/Berlin] [session_start(): Ignoring session_start() because a session is already active] in C:\xampp\htdocs\adamson-ccit\app\views\admin\admin_programs_undergraduate.php on line 2
[18-Sep-2025 20:35:13 Europe/Berlin] Starting updateSettings with data: []
[18-Sep-2025 20:35:13 Europe/Berlin] Update SQL: UPDATE programs_undergraduate_settings
                    SET subhero_image_url = :subhero_image_url, subhero_lead = :subhero_lead, programs_grid = :programs_grid, cta_title = :cta_title, cta_description = :cta_description, cta_action_url = :cta_action_url, cta_action_label = :cta_action_label
                    WHERE id = (SELECT id FROM (SELECT id FROM programs_undergraduate_settings ORDER BY id DESC LIMIT 1) AS temp)
[18-Sep-2025 20:35:13 Europe/Berlin] Binding subhero_image_url: NULL
[18-Sep-2025 20:35:13 Europe/Berlin] Binding subhero_lead: NULL
[18-Sep-2025 20:35:13 Europe/Berlin] Binding programs_grid: NULL
[18-Sep-2025 20:35:13 Europe/Berlin] Binding cta_title: NULL
[18-Sep-2025 20:35:13 Europe/Berlin] Binding cta_description: NULL
[18-Sep-2025 20:35:13 Europe/Berlin] Binding cta_action_url: NULL
[18-Sep-2025 20:35:13 Europe/Berlin] Binding cta_action_label: NULL
[18-Sep-2025 20:35:13 Europe/Berlin] Update result: success
[18-Sep-2025 20:35:13 Europe/Berlin] [session_start(): Ignoring session_start() because a session is already active] in C:\xampp\htdocs\adamson-ccit\app\views\admin\admin_programs_undergraduate.php on line 2
[18-Sep-2025 20:38:10 Europe/Berlin] [session_start(): Ignoring session_start() because a session is already active] in C:\xampp\htdocs\adamson-ccit\app\views\admin\admin_programs_undergraduate.php on line 2
[18-Sep-2025 20:39:21 Europe/Berlin] [session_start(): Ignoring session_start() because a session is already active] in C:\xampp\htdocs\adamson-ccit\app\views\admin\admin_programs_undergraduate.php on line 2
[18-Sep-2025 20:40:22 Europe/Berlin] [session_start(): Ignoring session_start() because a session is already active] in C:\xampp\htdocs\adamson-ccit\app\views\admin\admin_programs_undergraduate.php on line 2
[18-Sep-2025 20:42:54 Europe/Berlin] Starting updateSettings with data: []
[18-Sep-2025 20:42:54 Europe/Berlin] Update SQL: UPDATE programs_undergraduate_settings
                    SET subhero_image_url = :subhero_image_url, subhero_lead = :subhero_lead, programs_grid = :programs_grid, cta_title = :cta_title, cta_description = :cta_description, cta_action_url = :cta_action_url, cta_action_label = :cta_action_label
                    WHERE id = (SELECT id FROM (SELECT id FROM programs_undergraduate_settings ORDER BY id DESC LIMIT 1) AS temp)
[18-Sep-2025 20:42:54 Europe/Berlin] Binding subhero_image_url: NULL
[18-Sep-2025 20:42:54 Europe/Berlin] Binding subhero_lead: NULL
[18-Sep-2025 20:42:54 Europe/Berlin] Binding programs_grid: NULL
[18-Sep-2025 20:42:54 Europe/Berlin] Binding cta_title: NULL
[18-Sep-2025 20:42:54 Europe/Berlin] Binding cta_description: NULL
[18-Sep-2025 20:42:54 Europe/Berlin] Binding cta_action_url: NULL
[18-Sep-2025 20:42:54 Europe/Berlin] Binding cta_action_label: NULL
[18-Sep-2025 20:42:54 Europe/Berlin] Update result: success
[18-Sep-2025 20:42:54 Europe/Berlin] [session_start(): Ignoring session_start() because a session is already active] in C:\xampp\htdocs\adamson-ccit\app\views\admin\admin_programs_undergraduate.php on line 2
[18-Sep-2025 20:44:08 Europe/Berlin] Starting updateSettings with data: []
[18-Sep-2025 20:44:08 Europe/Berlin] Update SQL: UPDATE programs_undergraduate_settings
                    SET subhero_image_url = :subhero_image_url, subhero_lead = :subhero_lead, programs_grid = :programs_grid, cta_title = :cta_title, cta_description = :cta_description, cta_action_url = :cta_action_url, cta_action_label = :cta_action_label
                    WHERE id = (SELECT id FROM (SELECT id FROM programs_undergraduate_settings ORDER BY id DESC LIMIT 1) AS temp)
[18-Sep-2025 20:44:08 Europe/Berlin] Binding subhero_image_url: NULL
[18-Sep-2025 20:44:08 Europe/Berlin] Binding subhero_lead: NULL
[18-Sep-2025 20:44:08 Europe/Berlin] Binding programs_grid: NULL
[18-Sep-2025 20:44:08 Europe/Berlin] Binding cta_title: NULL
[18-Sep-2025 20:44:08 Europe/Berlin] Binding cta_description: NULL
[18-Sep-2025 20:44:08 Europe/Berlin] Binding cta_action_url: NULL
[18-Sep-2025 20:44:08 Europe/Berlin] Binding cta_action_label: NULL
[18-Sep-2025 20:44:08 Europe/Berlin] Update result: success
[18-Sep-2025 20:44:08 Europe/Berlin] [session_start(): Ignoring session_start() because a session is already active] in C:\xampp\htdocs\adamson-ccit\app\views\admin\admin_programs_undergraduate.php on line 2
[18-Sep-2025 20:44:51 Europe/Berlin] Starting updateSettings with data: []
[18-Sep-2025 20:44:51 Europe/Berlin] Update SQL: UPDATE programs_undergraduate_settings
                    SET subhero_image_url = :subhero_image_url, subhero_lead = :subhero_lead, programs_grid = :programs_grid, cta_title = :cta_title, cta_description = :cta_description, cta_action_url = :cta_action_url, cta_action_label = :cta_action_label
                    WHERE id = (SELECT id FROM (SELECT id FROM programs_undergraduate_settings ORDER BY id DESC LIMIT 1) AS temp)
[18-Sep-2025 20:44:51 Europe/Berlin] Binding subhero_image_url: NULL
[18-Sep-2025 20:44:51 Europe/Berlin] Binding subhero_lead: NULL
[18-Sep-2025 20:44:51 Europe/Berlin] Binding programs_grid: NULL
[18-Sep-2025 20:44:51 Europe/Berlin] Binding cta_title: NULL
[18-Sep-2025 20:44:51 Europe/Berlin] Binding cta_description: NULL
[18-Sep-2025 20:44:51 Europe/Berlin] Binding cta_action_url: NULL
[18-Sep-2025 20:44:51 Europe/Berlin] Binding cta_action_label: NULL
[18-Sep-2025 20:44:51 Europe/Berlin] Update result: success
[18-Sep-2025 20:44:51 Europe/Berlin] [session_start(): Ignoring session_start() because a session is already active] in C:\xampp\htdocs\adamson-ccit\app\views\admin\admin_programs_undergraduate.php on line 2
[18-Sep-2025 20:45:18 Europe/Berlin] Starting updateSettings with data: []
[18-Sep-2025 20:45:18 Europe/Berlin] Update SQL: UPDATE programs_undergraduate_settings
                    SET subhero_image_url = :subhero_image_url, subhero_lead = :subhero_lead, programs_grid = :programs_grid, cta_title = :cta_title, cta_description = :cta_description, cta_action_url = :cta_action_url, cta_action_label = :cta_action_label
                    WHERE id = (SELECT id FROM (SELECT id FROM programs_undergraduate_settings ORDER BY id DESC LIMIT 1) AS temp)
[18-Sep-2025 20:45:18 Europe/Berlin] Binding subhero_image_url: NULL
[18-Sep-2025 20:45:18 Europe/Berlin] Binding subhero_lead: NULL
[18-Sep-2025 20:45:18 Europe/Berlin] Binding programs_grid: NULL
[18-Sep-2025 20:45:18 Europe/Berlin] Binding cta_title: NULL
[18-Sep-2025 20:45:18 Europe/Berlin] Binding cta_description: NULL
[18-Sep-2025 20:45:18 Europe/Berlin] Binding cta_action_url: NULL
[18-Sep-2025 20:45:18 Europe/Berlin] Binding cta_action_label: NULL
[18-Sep-2025 20:45:18 Europe/Berlin] Update result: success
[18-Sep-2025 20:45:18 Europe/Berlin] [session_start(): Ignoring session_start() because a session is already active] in C:\xampp\htdocs\adamson-ccit\app\views\admin\admin_programs_undergraduate.php on line 2
[18-Sep-2025 20:46:07 Europe/Berlin] Starting updateSettings with data: []
[18-Sep-2025 20:46:07 Europe/Berlin] Update SQL: UPDATE programs_undergraduate_settings
                    SET subhero_image_url = :subhero_image_url, subhero_lead = :subhero_lead, programs_grid = :programs_grid, cta_title = :cta_title, cta_description = :cta_description, cta_action_url = :cta_action_url, cta_action_label = :cta_action_label
                    WHERE id = (SELECT id FROM (SELECT id FROM programs_undergraduate_settings ORDER BY id DESC LIMIT 1) AS temp)
[18-Sep-2025 20:46:07 Europe/Berlin] Binding subhero_image_url: NULL
[18-Sep-2025 20:46:07 Europe/Berlin] Binding subhero_lead: NULL
[18-Sep-2025 20:46:07 Europe/Berlin] Binding programs_grid: NULL
[18-Sep-2025 20:46:07 Europe/Berlin] Binding cta_title: NULL
[18-Sep-2025 20:46:07 Europe/Berlin] Binding cta_description: NULL
[18-Sep-2025 20:46:07 Europe/Berlin] Binding cta_action_url: NULL
[18-Sep-2025 20:46:07 Europe/Berlin] Binding cta_action_label: NULL
[18-Sep-2025 20:46:07 Europe/Berlin] Update result: success
[18-Sep-2025 20:46:07 Europe/Berlin] [session_start(): Ignoring session_start() because a session is already active] in C:\xampp\htdocs\adamson-ccit\app\views\admin\admin_programs_undergraduate.php on line 2
[18-Sep-2025 20:47:06 Europe/Berlin] Starting updateSettings with data: []
[18-Sep-2025 20:47:06 Europe/Berlin] Update SQL: UPDATE programs_undergraduate_settings
                    SET subhero_image_url = :subhero_image_url, subhero_lead = :subhero_lead, programs_grid = :programs_grid, cta_title = :cta_title, cta_description = :cta_description, cta_action_url = :cta_action_url, cta_action_label = :cta_action_label
                    WHERE id = (SELECT id FROM (SELECT id FROM programs_undergraduate_settings ORDER BY id DESC LIMIT 1) AS temp)
[18-Sep-2025 20:47:06 Europe/Berlin] Binding subhero_image_url: NULL
[18-Sep-2025 20:47:06 Europe/Berlin] Binding subhero_lead: NULL
[18-Sep-2025 20:47:06 Europe/Berlin] Binding programs_grid: NULL
[18-Sep-2025 20:47:06 Europe/Berlin] Binding cta_title: NULL
[18-Sep-2025 20:47:06 Europe/Berlin] Binding cta_description: NULL
[18-Sep-2025 20:47:06 Europe/Berlin] Binding cta_action_url: NULL
[18-Sep-2025 20:47:06 Europe/Berlin] Binding cta_action_label: NULL
[18-Sep-2025 20:47:06 Europe/Berlin] Update result: success
[18-Sep-2025 20:47:06 Europe/Berlin] [session_start(): Ignoring session_start() because a session is already active] in C:\xampp\htdocs\adamson-ccit\app\views\admin\admin_programs_undergraduate.php on line 2
[18-Sep-2025 20:47:29 Europe/Berlin] Starting updateSettings with data: []
[18-Sep-2025 20:47:29 Europe/Berlin] Update SQL: UPDATE programs_undergraduate_settings
                    SET subhero_image_url = :subhero_image_url, subhero_lead = :subhero_lead, programs_grid = :programs_grid, cta_title = :cta_title, cta_description = :cta_description, cta_action_url = :cta_action_url, cta_action_label = :cta_action_label
                    WHERE id = (SELECT id FROM (SELECT id FROM programs_undergraduate_settings ORDER BY id DESC LIMIT 1) AS temp)
[18-Sep-2025 20:47:29 Europe/Berlin] Binding subhero_image_url: NULL
[18-Sep-2025 20:47:29 Europe/Berlin] Binding subhero_lead: NULL
[18-Sep-2025 20:47:29 Europe/Berlin] Binding programs_grid: NULL
[18-Sep-2025 20:47:29 Europe/Berlin] Binding cta_title: NULL
[18-Sep-2025 20:47:29 Europe/Berlin] Binding cta_description: NULL
[18-Sep-2025 20:47:29 Europe/Berlin] Binding cta_action_url: NULL
[18-Sep-2025 20:47:29 Europe/Berlin] Binding cta_action_label: NULL
[18-Sep-2025 20:47:29 Europe/Berlin] Update result: success
[18-Sep-2025 20:47:29 Europe/Berlin] [session_start(): Ignoring session_start() because a session is already active] in C:\xampp\htdocs\adamson-ccit\app\views\admin\admin_programs_undergraduate.php on line 2
[18-Sep-2025 20:47:48 Europe/Berlin] Starting updateSettings with data: []
[18-Sep-2025 20:47:48 Europe/Berlin] Update SQL: UPDATE programs_undergraduate_settings
                    SET subhero_image_url = :subhero_image_url, subhero_lead = :subhero_lead, programs_grid = :programs_grid, cta_title = :cta_title, cta_description = :cta_description, cta_action_url = :cta_action_url, cta_action_label = :cta_action_label
                    WHERE id = (SELECT id FROM (SELECT id FROM programs_undergraduate_settings ORDER BY id DESC LIMIT 1) AS temp)
[18-Sep-2025 20:47:48 Europe/Berlin] Binding subhero_image_url: NULL
[18-Sep-2025 20:47:48 Europe/Berlin] Binding subhero_lead: NULL
[18-Sep-2025 20:47:48 Europe/Berlin] Binding programs_grid: NULL
[18-Sep-2025 20:47:48 Europe/Berlin] Binding cta_title: NULL
[18-Sep-2025 20:47:48 Europe/Berlin] Binding cta_description: NULL
[18-Sep-2025 20:47:48 Europe/Berlin] Binding cta_action_url: NULL
[18-Sep-2025 20:47:48 Europe/Berlin] Binding cta_action_label: NULL
[18-Sep-2025 20:47:48 Europe/Berlin] Update result: success
[18-Sep-2025 20:47:48 Europe/Berlin] [session_start(): Ignoring session_start() because a session is already active] in C:\xampp\htdocs\adamson-ccit\app\views\admin\admin_programs_undergraduate.php on line 2
[18-Sep-2025 20:48:40 Europe/Berlin] [session_start(): Ignoring session_start() because a session is already active] in C:\xampp\htdocs\adamson-ccit\app\views\admin\admin_programs_undergraduate.php on line 2
[18-Sep-2025 20:49:29 Europe/Berlin] [session_start(): Ignoring session_start() because a session is already active] in C:\xampp\htdocs\adamson-ccit\app\views\admin\admin_programs_undergraduate.php on line 2
[18-Sep-2025 20:50:10 Europe/Berlin] [session_start(): Ignoring session_start() because a session is already active] in C:\xampp\htdocs\adamson-ccit\app\views\admin\admin_programs_undergraduate.php on line 2
[18-Sep-2025 20:51:26 Europe/Berlin] [session_start(): Ignoring session_start() because a session is already active] in C:\xampp\htdocs\adamson-ccit\app\views\admin\admin_programs_undergraduate.php on line 2
[18-Sep-2025 20:52:08 Europe/Berlin] [session_start(): Ignoring session_start() because a session is already active] in C:\xampp\htdocs\adamson-ccit\app\views\admin\admin_programs_undergraduate.php on line 2
[18-Sep-2025 21:08:39 Europe/Berlin] [session_start(): Ignoring session_start() because a session is already active] in C:\xampp\htdocs\adamson-ccit\app\views\admin\admin_programs_undergraduate.php on line 2
[18-Sep-2025 21:08:41 Europe/Berlin] [session_start(): Ignoring session_start() because a session is already active] in C:\xampp\htdocs\adamson-ccit\app\views\admin\admin_programs_undergraduate.php on line 2
[18-Sep-2025 21:09:24 Europe/Berlin] [session_start(): Ignoring session_start() because a session is already active] in C:\xampp\htdocs\adamson-ccit\app\views\admin\admin_programs_undergraduate.php on line 2
[18-Sep-2025 21:14:34 Europe/Berlin] [session_start(): Ignoring session_start() because a session is already active] in C:\xampp\htdocs\adamson-ccit\app\views\admin\admin_programs_undergraduate.php on line 2
[18-Sep-2025 21:14:37 Europe/Berlin] [session_start(): Ignoring session_start() because a session is already active] in C:\xampp\htdocs\adamson-ccit\app\views\admin\admin_programs_undergraduate.php on line 2
[18-Sep-2025 21:14:41 Europe/Berlin] [session_start(): Ignoring session_start() because a session is already active] in C:\xampp\htdocs\adamson-ccit\app\views\admin\admin_programs_undergraduate.php on line 2
[18-Sep-2025 21:15:03 Europe/Berlin] [session_start(): Ignoring session_start() because a session is already active] in C:\xampp\htdocs\adamson-ccit\app\views\admin\admin_programs_undergraduate.php on line 2
[18-Sep-2025 21:15:05 Europe/Berlin] [session_start(): Ignoring session_start() because a session is already active] in C:\xampp\htdocs\adamson-ccit\app\views\admin\admin_programs_undergraduate.php on line 2
[18-Sep-2025 21:16:02 Europe/Berlin] [session_start(): Ignoring session_start() because a session is already active] in C:\xampp\htdocs\adamson-ccit\app\views\admin\admin_programs_undergraduate.php on line 2
[18-Sep-2025 21:17:58 Europe/Berlin] [session_start(): Ignoring session_start() because a session is already active] in C:\xampp\htdocs\adamson-ccit\app\views\admin\admin_programs_undergraduate.php on line 2
[18-Sep-2025 21:20:28 Europe/Berlin] [session_start(): Ignoring session_start() because a session is already active] in C:\xampp\htdocs\adamson-ccit\app\views\admin\admin_programs_undergraduate.php on line 2
[28-Sep-2025 00:18:29 Europe/Berlin] PHP Fatal error:  Uncaught Error: Call to a member function query() on null in C:\xampp\htdocs\adamson-ccit\app\models\Faculty.php:6
Stack trace:
#0 C:\xampp\htdocs\adamson-ccit\app\views\admin_manage_faculty.php(32): Faculty::all()
#1 C:\xampp\htdocs\adamson-ccit\app\controllers\AdminController.php(391): include('C:\\xampp\\htdocs...')
#2 C:\xampp\htdocs\adamson-ccit\app\controllers\Router.php(294): AdminController->manageFaculty()
#3 C:\xampp\htdocs\adamson-ccit\public\index.php(22): Router::route()
#4 {main}
  thrown in C:\xampp\htdocs\adamson-ccit\app\models\Faculty.php on line 6
[28-Sep-2025 00:18:38 Europe/Berlin] PHP Fatal error:  Uncaught Error: Call to a member function query() on null in C:\xampp\htdocs\adamson-ccit\app\models\Faculty.php:6
Stack trace:
#0 C:\xampp\htdocs\adamson-ccit\app\views\admin_manage_faculty.php(32): Faculty::all()
#1 C:\xampp\htdocs\adamson-ccit\app\controllers\AdminController.php(391): include('C:\\xampp\\htdocs...')
#2 C:\xampp\htdocs\adamson-ccit\app\controllers\Router.php(294): AdminController->manageFaculty()
#3 C:\xampp\htdocs\adamson-ccit\public\index.php(22): Router::route()
#4 {main}
  thrown in C:\xampp\htdocs\adamson-ccit\app\models\Faculty.php on line 6
[28-Sep-2025 00:19:05 Europe/Berlin] PHP Fatal error:  Uncaught Error: Call to a member function query() on null in C:\xampp\htdocs\adamson-ccit\app\models\Faculty.php:6
Stack trace:
#0 C:\xampp\htdocs\adamson-ccit\app\views\admin_manage_faculty.php(32): Faculty::all()
#1 C:\xampp\htdocs\adamson-ccit\app\controllers\AdminController.php(391): include('C:\\xampp\\htdocs...')
#2 C:\xampp\htdocs\adamson-ccit\app\controllers\Router.php(294): AdminController->manageFaculty()
#3 C:\xampp\htdocs\adamson-ccit\public\index.php(22): Router::route()
#4 {main}
  thrown in C:\xampp\htdocs\adamson-ccit\app\models\Faculty.php on line 6
[28-Sep-2025 00:19:15 Europe/Berlin] PHP Fatal error:  Uncaught Error: Call to a member function query() on null in C:\xampp\htdocs\adamson-ccit\app\models\Faculty.php:6
Stack trace:
#0 C:\xampp\htdocs\adamson-ccit\app\views\admin_manage_faculty.php(32): Faculty::all()
#1 C:\xampp\htdocs\adamson-ccit\app\controllers\AdminController.php(391): include('C:\\xampp\\htdocs...')
#2 C:\xampp\htdocs\adamson-ccit\app\controllers\Router.php(294): AdminController->manageFaculty()
#3 C:\xampp\htdocs\adamson-ccit\public\index.php(22): Router::route()
#4 {main}
  thrown in C:\xampp\htdocs\adamson-ccit\app\models\Faculty.php on line 6
